UserID,GameID,rating
1,147,1.9
1,198,5.0
1,137,9.0
1,197,5.1
2,9,7.4
2,26,1.5
2,221,2.2
2,6,1.4
2,15,3.8
2,205,2.6
2,37,2.5
3,23,7.2
3,128,7.4
3,52,4.6
3,222,2.4
3,87,1.9
4,34,4.1
4,139,8.6
4,41,7.6
4,47,3.4
4,182,3.1
4,20,6.2
5,155,3.0
5,169,8.9
5,198,6.3
5,32,7.2
5,120,9.1
5,182,9.3
6,212,8.8
6,22,3.6
6,127,9.4
6,68,2.1
6,214,5.1
6,171,5.3
6,224,4.1
7,95,6.7
7,197,3.7
7,220,6.4
7,136,7.5
7,40,6.9
7,105,4.4
7,248,5.3
8,95,7.1
8,124,4.2
8,123,3.1
8,19,7.4
8,92,2.2
8,36,2.5
8,204,4.2
9,194,6.0
9,84,9.6
9,98,9.5
9,17,9.2
10,43,5.2
10,41,5.5
10,76,5.8
10,156,9.2
10,215,6.8
10,63,5.8
10,145,3.0
11,94,2.4
11,133,8.6
11,7,1.1
11,172,1.3
11,180,1.4
11,161,5.0
11,85,6.4
12,121,3.1
12,238,2.5
12,36,9.2
12,204,8.1
13,192,3.4
13,202,8.2
13,37,7.2
13,111,7.6
13,34,7.9
14,27,3.8
14,126,7.9
14,57,4.5
14,108,9.3
14,49,2.3
15,166,7.3
15,150,3.2
15,207,6.5
15,97,7.6
16,157,6.7
16,203,2.5
16,231,10.0
16,117,7.7
16,224,9.9
17,125,5.0
17,174,5.8
17,150,2.2
17,138,8.0
18,44,7.6
18,97,7.7
18,78,3.9
18,138,9.2
19,133,8.8
19,1,5.4
19,228,3.3
19,204,3.5
19,21,4.5
20,221,2.3
20,233,3.9
20,247,8.3
20,175,7.8
20,128,5.6
20,33,7.9
20,132,8.9
21,161,2.1
21,102,1.9
21,201,8.9
21,167,3.6
21,158,1.7
21,93,5.8
22,99,8.2
22,146,6.1
22,80,4.3
22,247,8.2
23,35,7.1
23,192,5.9
23,217,5.1
23,120,6.7
23,230,2.5
24,23,7.4
24,41,9.5
24,208,6.5
24,137,9.8
24,230,6.7
24,109,1.9
24,218,5.3
25,21,9.9
25,18,4.9
25,11,3.1
25,43,3.2
25,113,3.3
26,39,2.7
26,110,7.1
26,70,2.1
26,124,6.0
26,178,7.1
26,161,5.3
27,12,2.2
27,129,3.5
27,6,1.2
27,108,5.8
27,168,8.4
27,117,8.1
27,30,7.6
28,29,5.3
28,23,2.3
28,35,1.4
28,128,5.8
29,117,5.6
29,49,5.6
29,197,8.2
29,186,4.1
29,3,6.2
30,197,9.7
30,179,9.9
30,156,4.2
30,174,7.9
30,151,7.7
30,93,6.8
30,229,9.2
31,56,9.7
31,180,7.2
31,239,1.5
31,54,2.6
32,149,6.4
32,219,1.9
32,204,6.0
32,119,8.7
32,223,7.1
33,38,5.5
33,52,5.5
33,96,2.1
33,210,8.9
33,144,2.3
33,99,4.2
33,15,2.9
34,123,1.3
34,61,5.0
34,108,8.0
34,131,9.1
34,179,6.3
35,38,5.8
35,166,7.9
35,27,5.4
35,208,9.9
35,161,2.3
35,227,8.7
35,43,6.3
36,151,5.5
36,129,5.7
36,68,1.8
36,95,6.7
36,236,6.4
36,137,3.6
36,20,1.3
37,233,1.9
37,113,8.5
37,28,3.6
37,166,4.5
37,124,3.2
37,138,1.8
38,60,1.4
38,165,7.3
38,106,8.3
38,175,7.8
39,144,7.1
39,33,1.1
39,54,7.4
39,4,2.1
40,18,4.8
40,194,5.0
40,56,2.9
40,59,2.6
40,135,8.1
40,166,7.1
40,13,6.6
41,209,6.8
41,186,4.3
41,28,5.9
41,154,4.4
42,194,4.9
42,42,3.4
42,242,3.7
42,179,9.3
42,28,9.6
43,126,9.6
43,213,1.7
43,139,4.3
43,188,5.9
43,235,3.9
43,154,7.2
43,32,2.7
44,182,6.0
44,101,7.6
44,225,7.3
44,59,3.0
44,13,6.8
44,54,7.1
45,68,2.9
45,141,6.7
45,77,9.1
45,209,9.9
45,230,5.9
45,227,9.5
45,10,9.8
46,151,8.4
46,198,3.9
46,150,4.7
46,97,6.1
46,34,4.7
46,201,3.9
46,218,2.4
47,102,4.8
47,185,8.5
47,16,7.9
47,49,1.0
47,130,7.6
47,12,5.0
47,168,6.4
48,159,9.5
48,218,7.7
48,213,1.5
48,94,2.1
48,52,3.1
48,30,6.7
49,244,8.8
49,167,4.1
49,205,4.2
49,181,8.5
49,17,4.9
49,35,7.6
49,197,4.2
50,119,9.0
50,249,3.5
50,145,8.8
50,162,4.9
50,127,2.6
50,112,7.2
51,202,9.1
51,63,3.5
51,224,6.3
51,74,6.8
51,36,7.9
51,99,9.3
51,59,7.1
52,152,6.4
52,151,2.1
52,60,5.7
52,227,9.6
52,119,9.7
53,55,1.7
53,139,6.1
53,219,5.5
53,189,7.1
54,178,3.3
54,200,7.1
54,56,4.4
54,35,1.8
55,58,6.1
55,4,4.1
55,185,3.4
55,112,8.8
56,57,7.0
56,227,2.8
56,214,2.2
56,20,4.5
57,63,6.4
57,224,5.1
57,119,3.1
57,222,9.5
57,184,7.5
57,218,4.5
58,24,2.9
58,160,2.1
58,183,1.3
58,48,6.6
58,186,8.1
59,40,7.7
59,56,4.1
59,153,3.3
59,247,8.1
59,200,4.9
60,130,8.7
60,121,9.0
60,117,6.2
60,165,9.5
60,190,4.6
61,96,3.4
61,140,6.4
61,2,9.7
61,157,3.6
61,229,8.5
61,84,6.5
61,79,4.3
62,153,7.5
62,78,6.7
62,185,4.3
62,166,7.0
62,127,3.5
62,118,4.5
62,196,4.3
63,66,9.8
63,134,1.6
63,6,1.1
63,141,3.2
63,89,1.7
63,248,10.0
64,123,6.3
64,142,8.4
64,96,3.0
64,94,8.1
64,191,2.1
64,81,8.9
64,17,2.4
65,134,6.4
65,241,6.0
65,197,6.9
65,42,4.8
65,240,7.2
65,228,9.2
65,192,8.4
66,9,1.4
66,103,3.9
66,178,7.8
66,175,4.1
66,59,10.0
66,129,4.4
66,249,3.6
67,4,7.3
67,25,9.9
67,81,4.1
67,73,4.9
67,221,8.6
68,98,6.1
68,232,8.2
68,122,8.9
68,231,8.2
68,191,2.7
68,124,3.7
69,217,5.5
69,101,8.5
69,106,5.0
69,241,5.9
69,90,7.5
70,61,1.5
70,144,1.2
70,127,5.2
70,31,4.3
70,231,3.9
71,199,4.5
71,231,8.4
71,20,6.4
71,162,8.2
71,126,9.5
71,6,5.4
72,37,8.6
72,242,4.5
72,247,9.7
72,248,5.9
72,40,2.3
72,166,8.2
72,160,7.0
73,216,1.4
73,149,6.8
73,250,8.6
73,81,1.8
74,126,9.7
74,96,5.3
74,185,6.2
74,224,5.7
74,80,1.7
74,209,2.8
74,220,4.1
75,92,6.9
75,160,9.0
75,34,9.9
75,75,7.6
75,154,7.5
76,35,1.4
76,49,8.3
76,237,1.6
76,183,2.9
77,33,2.3
77,10,8.1
77,189,2.6
77,237,1.1
78,175,4.6
78,42,2.5
78,225,2.0
78,74,3.6
78,218,7.4
79,177,3.2
79,79,9.2
79,40,7.1
79,131,6.9
79,94,6.1
80,141,2.4
80,2,4.8
80,115,6.8
80,145,7.3
80,206,2.2
80,208,9.2
81,67,4.9
81,83,2.0
81,91,9.8
81,173,1.5
82,81,6.8
82,245,9.4
82,37,7.1
82,57,6.9
83,184,5.6
83,179,4.6
83,100,2.4
83,235,8.9
83,85,1.5
83,163,8.4
84,66,4.5
84,52,7.4
84,229,2.9
84,9,5.4
84,194,2.6
84,46,2.3
84,170,8.2
85,27,3.8
85,123,2.6
85,185,4.9
85,118,9.0
85,164,7.2
85,129,8.9
85,75,1.8
86,218,5.8
86,169,5.6
86,44,6.6
86,154,7.3
86,125,9.4
86,90,2.4
86,78,2.6
87,101,3.6
87,225,9.5
87,244,3.0
87,16,6.8
87,169,5.8
88,234,7.8
88,41,9.0
88,14,6.2
88,39,8.2
88,207,5.4
88,111,8.2
89,144,8.9
89,7,1.4
89,151,2.2
89,201,7.8
89,22,1.3
89,95,2.7
89,27,2.7
90,99,4.8
90,158,5.4
90,185,9.4
90,73,8.8
91,157,1.5
91,125,6.3
91,44,5.2
91,127,5.1
91,159,9.8
92,179,5.2
92,100,2.6
92,181,3.3
92,182,3.3
92,37,2.9
93,165,3.8
93,14,7.2
93,127,8.3
93,160,5.6
93,67,2.4
93,124,5.7
94,202,5.4
94,34,3.7
94,88,8.2
94,81,4.4
95,38,3.5
95,113,7.4
95,58,8.4
95,97,6.2
95,117,9.6
95,33,3.8
96,94,1.3
96,152,9.5
96,131,6.5
96,49,1.1
96,105,4.8
96,57,5.8
96,198,8.5
97,34,9.7
97,193,3.3
97,21,1.8
97,107,5.3
98,71,5.6
98,127,8.9
98,80,2.8
98,182,8.9
98,104,9.0
99,167,1.4
99,79,4.8
99,95,4.2
99,222,6.6
99,48,2.6
99,85,5.3
99,242,8.9
100,200,5.5
100,215,2.1
100,87,2.4
100,193,4.3
100,75,7.9
101,114,3.0
101,220,2.5
101,22,6.3
101,57,9.0
101,51,9.8
102,45,3.3
102,154,8.3
102,151,4.8
102,206,8.7
102,242,1.8
102,11,5.7
102,57,3.0
103,179,2.3
103,231,7.3
103,91,2.1
103,197,2.7
103,130,2.1
103,55,1.8
103,218,2.4
104,181,7.5
104,21,7.4
104,63,7.7
104,83,1.5
104,31,3.3
105,147,1.7
105,80,1.3
105,139,1.2
105,133,4.9
105,24,4.4
105,103,9.0
105,66,5.9
106,191,3.3
106,182,3.8
106,92,2.2
106,249,3.7
106,226,9.8
107,209,5.0
107,159,7.3
107,250,2.3
107,45,1.7
107,36,5.8
107,115,8.9
107,144,1.8
108,160,2.8
108,217,5.4
108,103,6.2
108,135,8.8
108,90,7.3
108,117,5.1
108,145,3.9
109,200,8.6
109,37,7.9
109,187,9.1
109,20,4.4
109,189,2.3
110,4,5.9
110,131,1.7
110,226,1.6
110,87,7.7
111,150,6.8
111,143,8.9
111,110,5.0
111,215,2.2
111,70,6.4
111,28,4.4
112,165,2.6
112,12,2.5
112,70,8.6
112,210,2.8
112,80,7.3
113,173,9.7
113,92,9.3
113,15,3.1
113,214,9.1
113,172,9.8
113,182,1.8
113,245,4.2
114,107,1.9
114,26,2.6
114,250,5.7
114,71,9.7
115,135,5.4
115,117,3.5
115,227,5.3
115,69,8.8
115,232,8.9
115,173,8.0
116,199,1.2
116,89,5.8
116,44,7.5
116,19,8.7
116,99,9.2
117,128,5.5
117,64,3.9
117,212,5.6
117,185,5.5
117,153,3.5
118,77,5.2
118,203,2.1
118,8,3.1
118,170,9.6
118,96,1.6
118,141,6.9
119,135,8.3
119,50,3.6
119,77,1.4
119,193,7.5
119,149,2.9
119,182,7.6
119,111,3.5
120,147,4.4
120,185,4.9
120,62,8.0
120,115,9.8
121,29,8.9
121,70,7.5
121,149,9.4
121,222,9.1
121,5,4.4
122,184,9.7
122,13,9.2
122,221,8.7
122,188,8.0
122,223,9.4
123,196,4.7
123,232,8.5
123,107,9.4
123,207,5.8
124,126,8.8
124,127,4.3
124,152,4.1
124,120,7.0
124,105,9.2
124,171,2.5
124,157,2.7
125,48,8.9
125,85,7.0
125,63,6.8
125,28,8.6
125,184,2.7
125,241,3.4
126,157,8.5
126,106,7.2
126,154,7.9
126,214,4.6
126,61,2.9
126,31,1.6
127,137,5.4
127,14,4.4
127,150,2.7
127,209,1.2
127,28,8.4
127,189,3.2
128,1,8.0
128,44,3.2
128,249,4.8
128,15,8.0
128,132,8.6
129,85,3.8
129,76,7.8
129,208,6.3
129,98,8.3
129,64,5.0
130,30,2.1
130,57,6.9
130,149,4.7
130,65,3.9
131,211,3.6
131,134,9.3
131,85,7.4
131,209,7.7
131,184,9.9
131,248,5.4
132,184,5.7
132,227,9.4
132,104,8.0
132,17,3.6
132,213,7.3
133,249,1.1
133,65,9.0
133,48,2.7
133,244,8.7
133,159,4.7
134,13,6.0
134,106,4.7
134,179,3.3
134,89,2.5
134,205,5.3
135,183,2.4
135,244,6.4
135,58,4.1
135,2,9.4
135,179,7.4
135,82,7.2
136,135,1.3
136,225,8.4
136,215,9.6
136,19,9.2
137,229,4.6
137,206,8.7
137,111,8.4
137,180,3.1
138,26,4.4
138,179,2.5
138,42,4.7
138,238,7.5
138,72,9.0
139,70,6.7
139,82,4.0
139,17,9.4
139,94,1.9
139,183,4.4
140,190,5.5
140,110,4.3
140,44,3.1
140,118,3.6
140,227,7.9
141,156,6.2
141,44,9.6
141,211,5.6
141,249,8.4
141,59,2.5
141,30,3.1
142,49,6.6
142,163,8.4
142,130,8.4
142,84,6.2
142,174,5.2
143,116,7.9
143,88,7.2
143,145,1.8
143,23,4.6
144,58,3.0
144,138,5.7
144,100,3.1
144,176,2.6
144,204,1.3
145,216,4.0
145,14,7.7
145,249,3.4
145,114,6.3
145,181,4.9
145,162,1.6
146,189,4.7
146,89,2.5
146,14,8.2
146,233,4.5
146,236,7.2
147,65,2.5
147,43,2.2
147,145,6.5
147,144,1.2
147,171,6.2
148,35,5.8
148,42,3.3
148,84,1.2
148,32,1.1
148,102,5.4
148,28,5.7
149,140,2.5
149,32,4.7
149,216,9.7
149,239,3.7
149,145,3.6
150,59,7.9
150,138,4.2
150,130,6.9
150,100,1.5
150,87,3.9
150,30,2.1
151,199,4.3
151,165,7.9
151,237,4.1
151,145,2.7
151,32,5.5
151,151,2.6
152,153,5.3
152,32,8.4
152,234,7.6
152,83,2.1
152,116,4.6
152,59,1.4
153,149,7.5
153,233,2.9
153,22,7.2
153,102,1.0
153,186,8.0
153,198,6.3
154,11,2.1
154,84,2.8
154,210,4.3
154,40,1.7
154,155,7.0
155,18,1.8
155,146,1.6
155,111,1.1
155,91,5.2
155,165,1.2
155,89,6.1
156,115,5.6
156,74,5.0
156,159,4.1
156,57,2.4
156,187,9.7
157,226,8.7
157,96,5.7
157,1,1.5
157,244,7.8
157,236,3.0
157,245,6.2
157,188,3.6
158,175,3.3
158,16,5.2
158,102,7.9
158,125,3.1
158,68,7.6
158,60,1.2
158,132,4.2
159,187,5.4
159,190,7.6
159,21,6.3
159,198,6.9
160,102,5.8
160,231,9.3
160,79,9.0
160,110,6.5
160,5,7.6
161,171,4.6
161,64,1.0
161,237,2.8
161,198,1.5
161,169,7.5
162,72,1.9
162,131,5.1
162,130,4.0
162,126,2.1
163,117,1.2
163,199,1.1
163,215,9.9
163,151,7.3
163,213,5.4
164,137,7.2
164,35,1.4
164,105,4.9
164,250,5.4
164,224,3.0
165,182,2.8
165,56,10.0
165,14,2.0
165,120,1.3
165,170,8.8
166,236,5.5
166,15,3.7
166,219,6.7
166,88,9.0
166,194,2.1
166,49,3.9
167,65,1.1
167,180,3.3
167,44,1.2
167,88,2.1
167,126,7.0
167,235,7.8
168,63,4.9
168,167,6.8
168,34,2.6
168,57,3.1
168,233,8.1
168,8,7.3
169,235,3.8
169,86,6.8
169,56,4.5
169,239,6.7
170,102,1.1
170,3,3.9
170,235,2.1
170,53,8.2
170,61,5.5
171,8,7.2
171,244,8.5
171,48,5.5
171,125,7.0
171,97,5.3
171,123,6.0
172,197,8.3
172,126,8.4
172,189,9.1
172,215,3.7
172,13,7.0
172,158,8.7
173,35,7.8
173,176,8.1
173,229,8.5
173,103,7.1
173,168,3.2
173,190,8.7
173,160,2.7
174,106,4.5
174,8,2.5
174,114,5.3
174,194,3.7
174,239,5.0
175,4,9.0
175,113,8.5
175,238,8.7
175,51,2.5
175,150,4.8
175,172,7.1
176,123,5.9
176,79,7.9
176,213,8.7
176,249,8.4
177,245,6.2
177,40,8.9
177,156,4.8
177,244,2.0
178,181,9.5
178,64,9.1
178,29,4.2
178,130,4.1
179,86,7.8
179,95,6.5
179,119,2.5
179,19,4.9
179,76,8.3
179,72,1.9
180,203,6.3
180,128,7.8
180,70,7.9
180,40,8.1
180,137,4.1
181,16,6.0
181,151,1.7
181,1,3.0
181,159,1.0
181,31,5.4
181,229,7.9
182,8,5.2
182,6,6.5
182,63,5.1
182,171,2.4
182,7,3.1
182,110,5.3
182,65,3.2
183,183,7.1
183,136,6.9
183,231,9.6
183,165,5.9
184,163,7.2
184,2,2.6
184,115,5.2
184,215,3.6
184,218,5.0
184,62,1.9
185,1,4.5
185,39,7.3
185,73,7.3
185,130,7.0
185,189,2.0
185,21,3.9
185,153,4.1
186,96,2.9
186,27,7.8
186,125,5.0
186,232,1.4
186,168,9.9
186,195,6.4
186,64,5.1
187,110,2.9
187,3,7.4
187,49,8.3
187,32,3.2
187,167,6.0
188,71,4.1
188,124,6.8
188,16,1.9
188,33,7.6
188,216,4.7
188,208,9.6
189,228,1.3
189,63,5.2
189,26,4.1
189,81,2.8
189,156,4.7
189,175,9.1
189,2,8.8
190,74,9.3
190,166,5.3
190,241,6.1
190,201,6.5
190,229,4.0
190,67,8.0
190,202,2.6
191,162,4.2
191,160,6.6
191,18,2.3
191,75,3.1
192,189,3.1
192,68,3.3
192,109,6.6
192,236,4.8
193,97,5.0
193,137,5.4
193,172,7.0
193,93,8.9
193,56,8.4
193,225,3.8
194,116,7.0
194,26,4.4
194,108,8.6
194,141,2.3
194,74,8.4
194,132,6.8
195,66,4.5
195,134,8.3
195,84,3.1
195,185,5.9
195,177,3.2
195,43,3.8
196,110,2.0
196,240,3.4
196,184,8.2
196,118,6.8
196,233,7.4
196,114,6.1
197,115,9.7
197,151,4.9
197,215,3.8
197,82,6.9
197,24,8.0
197,73,3.0
197,84,5.2
198,17,1.9
198,149,7.7
198,200,7.5
198,127,7.7
198,178,7.8
198,242,7.9
199,43,5.6
199,207,7.7
199,230,5.8
199,75,5.8
199,38,9.0
199,157,2.3
200,223,5.3
200,82,5.9
200,24,4.7
200,244,7.1
200,84,8.4
200,61,4.7
201,59,1.3
201,28,7.7
201,139,5.3
201,79,4.0
201,241,3.7
201,56,5.1
202,7,1.6
202,223,4.1
202,159,6.7
202,37,5.1
202,43,9.6
202,193,6.2
203,250,4.9
203,29,8.9
203,235,5.4
203,182,6.6
204,144,9.0
204,106,1.9
204,130,9.3
204,68,5.7
204,13,8.6
204,135,6.2
204,107,2.7
205,194,7.1
205,210,2.6
205,241,5.2
205,147,8.6
205,189,1.9
205,116,5.6
206,176,7.5
206,113,8.2
206,99,5.5
206,87,9.2
207,63,5.8
207,116,4.5
207,142,2.7
207,93,9.2
207,211,3.0
208,220,4.3
208,219,5.2
208,116,2.3
208,197,2.0
208,36,2.8
208,8,8.1
209,78,7.9
209,155,2.2
209,135,1.1
209,124,7.3
209,184,2.6
210,21,9.0
210,61,1.2
210,33,1.3
210,54,7.6
211,132,4.7
211,224,4.8
211,87,8.1
211,93,2.2
212,183,6.4
212,199,7.5
212,61,5.4
212,157,7.9
212,130,9.8
212,177,7.4
213,125,7.9
213,77,3.9
213,145,4.3
213,210,4.3
213,178,6.1
214,73,2.0
214,74,2.9
214,115,7.7
214,146,4.1
214,145,6.0
215,245,5.0
215,56,1.6
215,88,1.4
215,224,6.0
215,1,6.1
215,123,5.5
216,163,8.5
216,87,6.9
216,24,4.5
216,44,7.8
216,112,7.3
217,240,7.6
217,165,3.9
217,246,5.1
217,143,3.2
218,218,6.4
218,77,2.0
218,9,7.5
218,65,5.3
218,106,4.8
219,192,6.0
219,137,4.7
219,117,8.7
219,114,7.1
219,147,2.5
219,153,5.0
219,127,4.0
220,118,9.5
220,91,5.9
220,24,3.6
220,33,9.8
221,219,3.3
221,228,6.5
221,154,2.8
221,18,4.5
221,199,9.8
221,181,2.6
222,92,3.4
222,80,7.7
222,154,4.0
222,235,3.3
222,136,6.3
223,201,4.7
223,161,4.4
223,206,7.3
223,231,9.8
224,25,3.4
224,189,7.1
224,182,6.4
224,170,8.1
224,63,1.7
224,61,2.4
224,27,6.8
225,68,5.6
225,77,1.5
225,123,2.2
225,165,1.3
225,19,8.8
226,64,7.7
226,237,5.8
226,49,5.7
226,42,3.4
226,57,7.8
227,47,6.1
227,209,3.2
227,249,1.5
227,201,8.0
228,142,6.2
228,154,4.2
228,247,7.5
228,83,7.9
228,28,3.4
228,205,2.4
229,175,5.3
229,143,1.3
229,140,6.7
229,97,4.1
229,199,7.4
230,203,1.1
230,242,8.7
230,222,5.2
230,123,3.7
231,26,8.3
231,10,8.1
231,135,6.1
231,125,1.3
231,235,2.6
231,87,7.2
231,50,8.0
232,106,7.6
232,90,1.9
232,234,8.8
232,162,9.6
233,176,9.5
233,113,8.3
233,51,9.0
233,29,5.6
233,26,2.6
234,104,10.0
234,208,3.6
234,78,6.8
234,140,2.9
234,236,6.9
235,128,6.6
235,32,6.8
235,160,5.6
235,146,9.0
236,19,8.8
236,126,8.3
236,238,7.2
236,211,4.9
236,214,2.8
237,160,6.9
237,28,2.0
237,7,6.2
237,38,4.7
237,31,6.5
237,187,6.2
238,13,8.9
238,22,6.6
238,249,7.0
238,103,4.5
238,171,9.7
238,36,9.4
239,99,7.1
239,10,3.4
239,33,4.4
239,54,3.9
239,56,2.3
240,137,9.8
240,188,8.9
240,128,9.9
240,35,6.5
240,133,2.2
240,17,9.4
241,118,5.2
241,104,1.1
241,25,9.0
241,56,8.1
242,164,3.4
242,7,6.5
242,36,3.5
242,139,7.1
242,247,1.6
242,44,8.3
242,217,1.5
243,134,1.5
243,138,4.3
243,91,9.5
243,75,7.5
243,166,2.6
243,221,8.1
244,176,2.1
244,145,1.6
244,112,8.8
244,107,6.0
244,54,6.0
245,98,4.9
245,33,8.4
245,164,5.0
245,8,5.7
245,176,2.0
245,91,4.8
246,101,7.1
246,107,8.0
246,88,6.2
246,73,2.5
246,138,5.7
246,115,3.9
246,172,3.1
247,6,1.1
247,230,4.1
247,241,3.7
247,10,4.2
247,132,1.4
247,110,3.6
247,207,4.6
248,155,3.2
248,41,1.4
248,2,8.2
248,91,4.4
248,120,1.3
248,229,5.3
249,231,4.7
249,216,1.2
249,192,4.0
249,89,3.2
249,19,9.1
250,194,3.6
250,172,5.6
250,48,5.3
250,206,3.4
250,35,5.6
251,179,6.9
251,184,9.1
251,89,7.0
251,191,9.7
251,96,4.4
252,87,6.2
252,237,8.6
252,14,2.2
252,122,4.4
253,238,1.9
253,199,5.7
253,96,4.8
253,130,6.7
253,186,7.5
253,223,3.8
254,174,4.6
254,177,7.6
254,141,3.5
254,201,8.9
254,199,1.8
255,179,4.7
255,176,3.3
255,214,5.4
255,11,1.3
256,40,7.6
256,247,3.7
256,139,2.5
256,189,1.1
256,105,2.5
257,194,8.5
257,241,8.7
257,240,6.6
257,44,2.5
257,36,3.8
257,143,4.3
257,175,1.7
258,149,1.6
258,112,1.7
258,130,8.2
258,91,3.6
258,179,1.4
259,77,1.1
259,21,2.0
259,19,2.2
259,146,2.7
259,191,7.5
259,217,5.0
260,95,1.4
260,134,2.5
260,167,2.1
260,28,6.8
260,214,7.4
260,71,2.1
260,177,3.4
261,64,3.3
261,134,8.3
261,194,3.7
261,18,2.2
261,56,8.7
261,122,8.4
262,114,1.2
262,203,6.5
262,6,9.8
262,17,6.2
263,67,4.3
263,180,4.6
263,14,8.4
263,210,2.9
263,89,2.2
264,190,9.2
264,193,9.4
264,123,8.7
264,35,8.0
265,192,5.7
265,30,8.9
265,29,5.6
265,22,5.6
266,4,9.9
266,101,1.6
266,178,8.8
266,224,4.7
267,168,6.9
267,50,8.6
267,8,8.5
267,179,4.2
268,50,8.5
268,75,9.1
268,179,2.6
268,216,8.3
269,113,3.4
269,87,5.0
269,69,5.0
269,198,8.6
269,38,8.0
269,143,6.7
269,20,2.9
270,114,1.5
270,135,7.7
270,184,3.3
270,18,2.0
271,190,4.3
271,60,3.3
271,29,2.9
271,229,5.2
272,52,8.7
272,113,6.4
272,200,7.4
272,250,3.9
272,68,7.5
272,223,2.4
272,196,2.7
273,84,9.8
273,77,1.9
273,146,4.6
273,91,1.2
274,59,8.1
274,37,2.4
274,125,2.6
274,241,5.8
274,215,4.1
274,170,3.3
274,177,9.5
275,96,5.9
275,67,1.5
275,236,2.3
275,38,7.3
275,92,2.3
275,162,6.6
275,166,4.0
276,225,7.4
276,146,2.1
276,6,5.8
276,228,3.2
277,20,4.6
277,99,2.4
277,83,9.6
277,89,2.5
277,92,5.0
277,10,9.1
277,101,4.5
278,26,3.4
278,210,1.3
278,18,1.2
278,221,4.6
278,130,7.0
279,9,3.7
279,30,7.9
279,242,4.1
279,226,4.3
280,173,7.5
280,149,1.2
280,160,4.9
280,165,8.6
280,122,2.1
280,141,7.3
281,103,4.1
281,201,9.1
281,199,7.9
281,196,3.1
282,51,4.8
282,143,4.5
282,29,9.4
282,164,7.2
282,44,3.1
283,132,5.1
283,173,8.0
283,105,2.2
283,86,1.3
283,56,7.1
284,172,6.1
284,44,9.7
284,185,1.3
284,30,7.6
284,224,2.0
284,135,4.2
284,240,7.4
285,223,2.2
285,156,9.8
285,41,1.5
285,97,4.8
285,58,4.8
285,26,7.2
286,99,3.1
286,77,9.7
286,229,7.2
286,109,7.3
286,210,3.0
286,193,5.0
287,8,3.9
287,43,1.7
287,86,9.6
287,13,8.2
287,234,5.8
287,119,7.1
288,235,9.1
288,231,7.8
288,43,6.4
288,37,9.3
288,132,3.3
289,161,7.6
289,204,2.7
289,241,9.5
289,109,2.9
289,74,7.9
290,34,9.7
290,99,8.2
290,157,6.7
290,215,2.4
290,21,8.7
291,195,3.3
291,126,1.4
291,128,7.0
291,231,1.3
291,142,6.2
292,210,8.0
292,148,6.3
292,57,4.9
292,166,8.5
293,25,5.1
293,54,9.2
293,208,1.0
293,95,3.9
293,49,7.7
293,80,8.8
293,117,8.1
294,81,9.6
294,28,4.7
294,186,5.4
294,155,8.3
294,207,3.5
294,31,5.1
295,231,3.7
295,51,6.0
295,217,6.9
295,227,9.2
295,13,3.0
295,147,5.9
295,186,2.7
296,102,1.0
296,152,9.4
296,164,6.2
296,180,8.6
297,191,1.4
297,85,6.3
297,19,6.0
297,206,1.2
297,37,9.0
297,171,4.1
298,88,1.9
298,248,6.3
298,104,5.1
298,217,3.1
298,149,6.0
299,96,4.0
299,26,9.9
299,141,2.7
299,112,4.0
300,108,2.8
300,102,4.6
300,17,1.0
300,91,8.8
300,192,5.2
301,221,9.9
301,175,8.5
301,17,6.5
301,140,5.0
301,32,4.7
302,190,7.9
302,191,9.6
302,210,8.0
302,107,1.9
302,129,3.2
303,35,5.2
303,100,3.0
303,17,9.8
303,56,1.1
303,111,6.5
303,211,7.8
303,234,3.7
304,56,3.6
304,215,1.4
304,61,2.1
304,113,1.1
305,19,8.0
305,241,3.5
305,224,3.8
305,155,9.2
305,168,7.6
305,213,6.3
305,13,4.9
306,53,3.3
306,211,2.4
306,12,6.9
306,126,8.3
307,24,6.5
307,237,9.0
307,245,9.5
307,181,8.2
307,204,8.0
308,208,6.5
308,112,6.2
308,1,4.0
308,230,9.2
308,67,6.5
308,31,8.7
308,146,8.6
309,228,7.6
309,121,9.8
309,191,6.0
309,84,1.7
309,194,7.5
309,96,1.8
310,161,2.6
310,37,2.6
310,184,1.4
310,101,7.7
310,165,9.4
311,38,9.4
311,35,1.5
311,65,2.5
311,4,6.4
311,57,2.5
311,61,3.0
311,42,9.5
312,165,3.4
312,55,6.3
312,222,7.9
312,102,1.4
312,50,4.8
312,90,6.7
313,65,6.0
313,236,3.6
313,42,1.2
313,4,7.8
314,12,9.3
314,56,5.4
314,42,2.0
314,48,8.0
314,131,6.8
314,17,8.2
315,103,3.1
315,149,1.2
315,113,6.0
315,129,3.2
315,123,8.7
315,162,9.7
315,216,3.3
316,55,2.8
316,98,9.2
316,93,1.8
316,15,7.9
316,32,5.9
316,29,3.8
316,149,4.7
317,145,8.4
317,13,6.1
317,195,4.1
317,130,6.9
317,158,7.5
317,179,3.5
317,39,1.9
318,100,1.5
318,9,1.3
318,86,5.5
318,1,8.6
319,9,4.2
319,217,5.8
319,103,3.3
319,199,6.4
320,207,7.9
320,153,5.7
320,235,3.4
320,26,9.6
320,239,2.1
321,220,6.2
321,2,5.0
321,158,8.7
321,241,4.4
322,65,2.5
322,196,3.6
322,35,3.4
322,246,6.6
322,121,6.5
322,146,1.6
323,186,9.3
323,25,5.9
323,178,1.2
323,123,9.8
324,103,8.6
324,181,6.2
324,145,3.7
324,80,9.8
325,39,2.2
325,131,1.4
325,76,8.3
325,243,7.1
325,42,5.1
325,56,8.3
326,181,3.4
326,229,6.1
326,21,6.9
326,81,5.5
327,223,6.9
327,33,4.7
327,216,3.7
327,137,2.6
327,206,9.3
327,65,9.3
327,193,5.2
328,141,7.7
328,73,2.6
328,50,2.7
328,139,2.1
328,52,4.1
329,160,5.0
329,106,2.6
329,138,5.8
329,62,3.5
329,177,8.3
329,60,8.5
330,98,3.3
330,133,4.5
330,102,5.9
330,220,7.6
331,142,7.3
331,128,3.7
331,193,2.3
331,129,3.4
331,244,9.3
332,99,6.4
332,86,1.1
332,111,1.2
332,55,6.0
332,119,2.2
332,186,3.7
333,1,9.6
333,166,8.0
333,239,8.3
333,3,5.5
333,245,5.5
334,27,2.4
334,210,5.9
334,159,8.4
334,84,9.7
334,26,9.0
334,85,3.6
335,123,4.6
335,157,3.4
335,6,3.9
335,174,4.6
336,199,7.5
336,212,8.8
336,53,4.8
336,103,9.0
336,243,6.0
337,99,2.8
337,186,7.8
337,168,1.1
337,241,6.4
337,59,8.0
338,235,1.5
338,88,3.2
338,246,8.6
338,119,4.5
339,21,9.2
339,34,8.4
339,31,8.6
339,88,8.2
339,33,7.6
340,15,7.6
340,23,5.6
340,141,5.0
340,47,3.8
340,112,9.8
341,24,2.1
341,141,4.8
341,188,5.3
341,13,6.2
341,55,8.5
341,156,8.0
341,66,2.1
342,70,7.5
342,206,8.9
342,22,9.9
342,17,7.4
342,147,8.5
342,57,4.5
343,239,8.3
343,154,6.2
343,91,5.1
343,147,2.3
343,142,4.1
343,89,9.8
343,161,1.0
344,218,4.2
344,160,8.2
344,97,8.9
344,124,4.5
344,129,9.7
345,30,5.2
345,124,6.5
345,112,9.2
345,40,7.4
345,70,8.5
345,57,1.5
345,147,7.0
346,47,5.8
346,91,6.7
346,204,5.0
346,131,9.2
346,192,2.5
346,185,7.9
346,69,3.7
347,109,8.6
347,147,10.0
347,187,7.9
347,173,4.5
347,18,8.2
347,209,5.0
348,228,10.0
348,195,9.5
348,35,3.8
348,141,7.6
348,26,1.0
348,119,8.6
349,228,2.9
349,175,1.1
349,41,3.1
349,20,6.9
349,86,6.9
349,189,5.5
349,14,3.8
350,163,7.7
350,12,4.4
350,11,2.9
350,124,6.7
351,84,2.0
351,168,2.2
351,14,3.3
351,2,9.5
351,152,3.7
351,15,4.7
351,27,8.0
352,223,9.8
352,136,3.7
352,12,2.4
352,170,3.2
352,204,6.8
353,7,8.1
353,208,2.0
353,88,2.7
353,186,5.5
353,244,2.5
353,139,6.9
353,70,3.8
354,142,4.1
354,204,2.0
354,105,4.9
354,178,9.9
354,46,7.5
354,190,5.5
354,24,3.5
355,235,2.7
355,21,2.2
355,10,5.2
355,120,7.3
356,39,6.6
356,102,8.8
356,65,6.6
356,22,9.6
357,57,3.6
357,157,5.3
357,121,9.5
357,65,7.2
358,10,1.5
358,33,4.5
358,106,2.2
358,102,9.1
358,245,4.1
358,244,3.8
359,79,5.6
359,84,8.5
359,16,5.8
359,214,6.4
360,131,6.8
360,227,5.1
360,23,6.8
360,142,8.1
360,241,2.7
360,132,7.2
361,201,9.8
361,133,8.6
361,120,8.3
361,176,9.5
361,164,8.6
361,141,3.8
361,30,8.8
362,232,1.3
362,169,6.7
362,217,5.1
362,206,6.4
362,149,3.2
362,89,9.7
362,60,1.8
363,11,3.0
363,112,4.2
363,192,8.6
363,14,4.3
363,158,1.7
363,188,7.9
363,213,5.4
364,39,4.4
364,250,3.9
364,72,6.4
364,229,7.3
365,32,6.2
365,60,6.0
365,15,2.1
365,202,5.8
365,139,1.1
365,148,8.7
366,169,3.0
366,1,2.9
366,65,9.8
366,62,2.4
366,80,5.0
366,150,6.9
366,162,2.3
367,225,5.5
367,47,9.2
367,50,4.0
367,4,5.1
367,11,4.7
367,103,5.2
368,69,9.2
368,151,1.7
368,175,9.0
368,76,8.7
368,203,2.7
369,102,6.2
369,204,8.6
369,82,7.2
369,51,5.6
370,188,2.3
370,243,3.5
370,100,7.7
370,30,6.8
371,236,4.8
371,194,9.1
371,195,9.5
371,206,8.7
372,109,9.3
372,104,9.0
372,238,1.6
372,122,8.2
372,202,2.6
372,34,9.6
373,225,2.8
373,226,2.0
373,224,4.9
373,187,3.0
374,30,2.7
374,203,5.9
374,3,6.7
374,4,6.6
374,51,8.6
374,155,8.7
375,199,5.0
375,224,2.0
375,78,1.6
375,194,8.6
375,94,9.3
375,73,1.4
375,54,8.5
376,9,5.5
376,161,8.5
376,192,1.0
376,179,6.9
377,80,8.8
377,173,4.4
377,154,9.9
377,117,9.9
377,135,3.3
377,55,5.6
377,58,7.2
378,209,7.8
378,30,7.3
378,4,9.1
378,85,4.0
378,197,6.1
378,174,7.5
379,177,7.7
379,220,9.2
379,115,9.3
379,22,2.8
379,215,4.2
379,82,2.7
380,150,5.6
380,93,8.3
380,162,4.1
380,21,6.8
381,167,1.6
381,208,3.1
381,137,5.5
381,109,7.8
382,142,2.4
382,49,1.2
382,131,9.3
382,162,5.8
382,89,2.2
382,22,1.9
382,110,9.5
383,1,9.8
383,184,7.1
383,84,5.7
383,244,5.5
384,200,3.1
384,212,5.4
384,10,9.7
384,131,4.6
385,209,8.8
385,73,2.2
385,194,7.4
385,87,6.4
385,32,3.0
385,238,6.0
386,124,3.6
386,80,1.1
386,200,9.3
386,246,1.1
386,27,9.6
386,87,3.1
387,58,9.5
387,27,9.3
387,93,9.9
387,194,4.1
387,24,8.5
387,188,6.6
387,49,8.1
388,156,3.8
388,163,7.0
388,8,2.9
388,67,2.6
388,81,2.2
388,126,5.6
389,203,1.3
389,106,2.4
389,109,8.8
389,105,7.9
389,198,3.5
389,248,7.2
390,246,4.7
390,164,1.4
390,155,7.2
390,126,9.3
390,217,1.5
390,152,3.8
390,20,4.4
391,2,5.2
391,127,5.1
391,96,3.3
391,106,2.8
392,23,7.1
392,223,6.4
392,227,7.5
392,157,7.0
392,12,6.8
392,72,2.2
393,26,2.9
393,61,9.1
393,220,8.1
393,15,2.4
393,212,1.7
393,214,8.4
393,23,4.3
394,195,5.7
394,186,9.8
394,23,2.7
394,231,3.2
395,240,8.1
395,73,2.0
395,249,4.4
395,228,4.2
395,150,2.9
395,21,4.9
395,120,9.6
396,205,3.4
396,147,6.0
396,242,5.5
396,52,9.2
396,32,7.2
396,248,6.6
397,202,7.8
397,40,5.9
397,152,1.9
397,100,6.5
398,176,4.0
398,157,6.9
398,173,4.3
398,217,2.1
398,65,7.5
398,195,7.7
399,198,8.0
399,87,8.2
399,23,9.0
399,148,7.7
399,18,1.7
399,69,3.5
400,71,9.4
400,10,5.2
400,45,9.0
400,83,5.3
401,83,4.7
401,117,3.5
401,12,3.4
401,110,3.4
401,94,4.8
401,250,4.7
402,89,5.6
402,103,6.9
402,193,8.4
402,78,7.4
402,171,5.4
402,35,3.2
403,174,8.9
403,110,3.2
403,78,5.3
403,46,5.9
403,4,2.0
403,155,3.2
404,38,4.6
404,62,3.3
404,243,8.1
404,233,7.6
404,5,7.1
405,141,4.6
405,104,4.4
405,17,9.1
405,179,9.3
405,13,9.1
405,56,1.3
405,140,7.1
406,104,9.2
406,25,5.4
406,69,3.8
406,47,7.4
406,64,6.5
406,207,1.6
407,191,2.6
407,137,3.5
407,226,8.4
407,84,7.7
407,120,1.5
407,26,3.1
408,4,5.7
408,236,8.9
408,250,4.5
408,18,8.3
408,183,2.5
408,74,3.5
408,159,1.8
409,108,9.8
409,85,5.7
409,210,8.5
409,185,7.7
409,217,5.4
410,100,9.5
410,31,2.5
410,87,4.3
410,238,7.1
411,20,2.1
411,210,5.5
411,18,7.6
411,55,2.7
412,34,4.2
412,52,5.6
412,230,2.9
412,164,6.0
412,70,5.2
413,237,2.9
413,62,4.1
413,213,8.9
413,15,2.7
413,119,2.0
413,202,7.1
414,140,5.7
414,135,8.7
414,92,6.8
414,107,6.5
414,219,8.6
415,14,1.5
415,5,8.9
415,191,3.9
415,228,6.3
415,82,5.0
415,181,7.0
416,200,3.4
416,70,9.1
416,5,9.8
416,165,8.9
416,59,4.8
416,122,3.5
417,73,5.3
417,30,8.9
417,245,8.7
417,80,2.4
418,157,5.4
418,128,5.6
418,53,8.2
418,32,5.5
418,207,5.1
418,169,9.4
418,180,7.9
419,212,5.3
419,10,4.4
419,107,2.4
419,108,7.7
419,236,1.0
419,86,6.6
420,51,5.8
420,37,5.6
420,147,6.2
420,52,5.7
421,120,10.0
421,91,4.0
421,71,9.6
421,199,9.0
422,67,2.7
422,164,1.7
422,123,5.5
422,155,7.4
422,234,9.3
422,44,7.7
423,201,1.1
423,73,3.5
423,219,3.7
423,45,9.3
423,173,7.7
423,178,7.4
424,126,2.8
424,67,3.1
424,138,2.0
424,147,1.3
424,69,6.3
424,194,5.4
424,161,1.3
425,149,8.9
425,156,3.4
425,14,9.8
425,78,6.8
425,213,1.9
425,198,2.9
426,190,4.1
426,187,3.9
426,81,5.3
426,142,5.8
426,138,8.9
427,204,1.0
427,13,3.7
427,52,4.5
427,212,3.8
427,122,7.9
427,181,4.3
427,215,9.8
428,145,7.2
428,206,4.1
428,176,3.8
428,140,3.7
429,70,3.4
429,148,7.2
429,181,7.0
429,28,2.5
430,172,2.5
430,151,7.5
430,108,1.7
430,220,6.6
431,19,5.9
431,220,8.5
431,244,9.2
431,231,4.9
431,80,9.7
432,106,8.8
432,196,7.0
432,130,2.2
432,177,7.4
432,163,8.8
433,85,6.8
433,104,5.2
433,84,1.3
433,89,8.0
433,82,3.6
433,110,9.9
433,182,8.8
434,187,3.5
434,81,6.1
434,209,3.1
434,18,4.0
434,44,3.8
435,197,7.1
435,79,9.1
435,153,5.6
435,152,7.1
435,70,5.2
435,212,2.9
436,109,4.9
436,184,8.1
436,116,8.3
436,178,7.7
436,232,3.0
436,32,2.4
437,41,2.5
437,32,8.5
437,197,9.0
437,186,1.2
437,80,7.9
438,138,6.1
438,70,1.5
438,124,5.0
438,82,4.1
438,165,6.3
439,75,9.6
439,87,8.2
439,166,3.4
439,110,9.9
439,230,4.8
440,90,1.0
440,221,3.5
440,194,1.7
440,140,9.0
441,16,3.4
441,45,6.3
441,163,9.1
441,209,5.9
441,190,3.2
441,48,4.1
442,155,8.0
442,105,9.2
442,2,9.7
442,67,7.9
442,177,9.6
443,204,1.5
443,89,4.7
443,74,7.8
443,170,3.7
444,195,1.1
444,31,1.5
444,119,2.3
444,142,1.1
445,45,5.2
445,133,4.1
445,206,7.6
445,250,9.8
445,211,9.9
446,236,4.6
446,112,3.3
446,167,4.6
446,229,5.0
447,213,6.2
447,132,7.7
447,7,5.6
447,1,4.0
447,234,7.0
447,183,4.2
448,232,2.0
448,162,6.3
448,37,9.4
448,242,5.8
448,133,1.5
449,212,4.1
449,80,5.9
449,206,9.1
449,32,6.0
449,157,6.2
449,181,3.1
449,120,8.3
450,226,7.2
450,198,6.7
450,10,4.1
450,160,5.6
451,81,6.6
451,1,7.6
451,37,4.1
451,116,4.3
451,221,9.8
451,193,3.1
451,51,3.4
452,246,7.4
452,53,4.4
452,40,8.0
452,131,3.7
452,82,4.9
452,47,9.8
452,76,2.8
453,95,4.9
453,84,5.0
453,219,2.4
453,29,1.3
453,17,3.5
453,179,5.3
454,6,2.9
454,185,5.3
454,146,9.2
454,213,3.5
454,60,2.0
455,220,4.8
455,87,7.9
455,226,4.6
455,92,2.0
455,35,5.5
455,130,6.8
455,70,9.5
456,55,2.8
456,81,7.5
456,40,8.2
456,125,3.8
457,70,7.3
457,209,4.9
457,108,5.1
457,155,8.3
457,125,7.4
457,43,6.8
458,17,6.3
458,153,6.0
458,101,3.1
458,43,6.8
458,139,6.2
458,212,3.6
459,177,6.1
459,189,8.7
459,19,7.1
459,9,9.6
459,7,8.8
460,84,4.7
460,91,3.2
460,25,1.6
460,190,7.7
461,23,6.7
461,225,1.4
461,221,7.9
461,171,9.0
462,90,1.7
462,235,9.4
462,118,6.5
462,16,9.9
463,160,4.0
463,36,3.0
463,238,9.1
463,82,6.5
463,76,9.8
464,156,9.0
464,185,3.6
464,169,6.1
464,187,8.1
464,113,4.0
464,43,2.5
465,179,5.0
465,122,2.5
465,57,10.0
465,71,9.3
465,83,3.8
465,7,4.2
465,202,8.4
466,79,2.9
466,113,8.0
466,188,9.1
466,181,3.2
466,170,5.6
466,129,6.1
467,171,4.6
467,181,4.6
467,25,1.1
467,66,9.5
468,50,8.3
468,33,7.3
468,14,3.1
468,171,1.2
469,76,4.1
469,89,2.5
469,198,9.2
469,182,9.3
470,45,7.7
470,213,5.9
470,140,5.8
470,219,1.1
470,194,2.1
470,39,6.1
471,101,4.0
471,159,6.0
471,49,4.6
471,174,3.8
472,99,9.3
472,78,5.2
472,111,4.3
472,120,5.7
473,225,4.8
473,210,3.4
473,8,9.4
473,216,8.6
474,197,7.4
474,141,1.1
474,206,7.1
474,132,3.6
474,22,5.8
475,215,1.0
475,88,1.1
475,193,6.0
475,97,7.9
475,185,1.4
475,250,4.1
476,154,6.2
476,205,7.5
476,73,7.0
476,151,6.6
476,66,3.5
477,207,9.2
477,98,3.5
477,78,2.6
477,77,7.1
477,158,2.8
478,179,3.5
478,139,5.6
478,237,5.8
478,40,8.6
479,115,2.3
479,77,8.7
479,60,5.0
479,50,2.8
480,172,7.3
480,97,7.6
480,190,3.4
480,233,9.0
480,215,9.2
480,85,1.1
480,48,7.9
481,38,9.0
481,180,9.8
481,51,9.1
481,21,8.3
481,37,4.1
481,239,3.6
481,137,9.6
482,220,9.6
482,177,2.1
482,189,4.3
482,98,2.4
483,87,10.0
483,54,9.5
483,115,1.2
483,100,3.0
483,224,7.5
483,197,2.6
484,159,6.3
484,190,6.0
484,52,8.5
484,220,5.4
484,212,5.6
484,26,6.0
485,86,1.3
485,139,4.2
485,182,9.1
485,69,2.4
485,193,9.4
485,90,5.5
485,241,4.4
486,236,2.1
486,4,6.7
486,163,8.2
486,49,1.3
486,2,9.6
487,201,6.2
487,119,8.4
487,192,9.3
487,83,3.4
487,169,8.0
487,149,2.7
488,36,5.1
488,132,3.2
488,67,6.3
488,49,3.9
489,55,8.2
489,7,5.7
489,151,7.8
489,88,2.3
489,188,6.6
489,57,8.5
489,217,8.3
490,141,8.0
490,192,9.1
490,135,5.9
490,236,8.7
490,188,2.4
490,159,1.7
491,99,3.0
491,86,5.4
491,61,2.5
491,140,6.1
491,29,4.2
491,50,8.1
491,207,5.1
492,110,6.1
492,22,5.6
492,75,8.4
492,67,9.3
492,239,1.9
493,185,2.9
493,7,7.2
493,4,7.7
493,107,1.5
493,145,7.3
493,208,2.5
493,1,1.0
494,23,6.0
494,13,7.4
494,227,5.6
494,159,7.4
494,56,9.9
494,216,7.6
495,70,4.4
495,150,5.4
495,51,8.4
495,212,2.6
495,11,1.4
495,69,4.1
496,11,1.8
496,128,3.8
496,227,4.5
496,110,8.4
496,164,5.7
496,20,6.9
497,115,9.6
497,58,5.5
497,40,8.1
497,239,3.0
498,41,7.9
498,123,8.9
498,200,5.2
498,190,5.9
498,34,3.2
498,61,4.0
499,235,6.1
499,134,2.7
499,152,6.8
499,213,1.3
499,153,1.1
499,242,7.6
499,52,2.3
500,33,2.2
500,127,7.9
500,51,9.9
500,45,7.1
500,207,1.3
500,42,3.2
500,89,2.3
501,145,4.3
501,58,3.2
501,213,3.5
501,51,8.7
501,214,2.0
501,143,4.6
501,184,5.8
502,190,8.1
502,208,6.1
502,161,9.4
502,139,3.0
502,249,1.9
503,104,1.1
503,177,1.1
503,181,7.9
503,125,7.1
503,106,7.4
503,163,1.2
504,80,2.5
504,238,4.8
504,92,1.7
504,110,2.4
504,2,9.7
504,75,7.0
505,77,1.8
505,41,3.0
505,114,9.5
505,218,4.5
506,231,5.4
506,239,7.8
506,95,6.7
506,222,5.5
506,99,5.9
506,172,2.0
506,236,5.9
507,174,6.1
507,143,6.2
507,130,7.1
507,41,7.7
507,8,8.0
507,57,9.0
507,162,5.9
508,84,7.7
508,167,4.2
508,102,9.2
508,105,8.5
508,69,7.4
508,8,7.6
508,34,7.4
509,234,3.5
509,131,3.6
509,25,7.8
509,92,9.0
509,56,7.3
510,167,4.5
510,203,2.4
510,20,3.9
510,15,8.8
510,177,4.7
510,93,4.3
511,164,5.0
511,3,9.2
511,96,9.3
511,227,5.1
511,14,9.2
512,180,4.2
512,46,6.0
512,241,1.9
512,196,9.1
512,234,1.9
513,101,3.7
513,149,5.9
513,96,8.5
513,241,3.0
513,227,2.7
514,33,1.8
514,106,4.0
514,38,3.1
514,177,9.6
514,11,3.9
514,140,7.6
514,153,7.3
515,182,2.9
515,147,5.5
515,3,3.5
515,217,8.0
516,197,2.7
516,203,9.1
516,196,5.9
516,163,6.2
516,195,3.6
516,111,3.0
517,158,2.6
517,24,3.3
517,194,9.3
517,164,3.7
517,119,8.9
518,24,9.7
518,186,7.4
518,8,1.4
518,188,4.7
518,153,5.9
518,179,9.5
519,86,2.2
519,54,3.0
519,91,3.1
519,135,7.6
519,82,2.6
519,117,3.3
519,88,8.1
520,101,8.6
520,95,6.4
520,9,6.7
520,137,3.7
520,201,3.8
521,157,6.1
521,66,1.4
521,84,4.5
521,3,7.5
521,126,1.0
522,139,8.5
522,75,1.6
522,77,1.7
522,144,4.2
522,231,3.7
522,247,8.1
523,216,5.7
523,59,3.8
523,4,4.8
523,98,4.8
523,60,5.0
523,153,5.9
524,30,3.9
524,58,4.0
524,199,8.3
524,139,4.8
524,52,9.6
524,137,4.5
525,22,8.8
525,157,9.7
525,54,8.8
525,141,2.9
525,203,7.4
526,164,8.2
526,165,9.3
526,93,8.3
526,113,1.2
526,84,8.3
526,208,1.0
526,62,1.3
527,76,8.3
527,36,4.7
527,185,7.9
527,14,6.7
527,215,5.9
527,38,3.0
527,237,3.5
528,100,4.7
528,146,7.4
528,114,5.3
528,117,9.1
528,82,6.9
529,84,7.8
529,51,9.6
529,104,8.8
529,153,7.6
530,228,1.7
530,247,1.9
530,157,6.0
530,196,4.8
530,7,1.2
530,128,2.9
530,41,4.6
531,238,4.8
531,21,2.1
531,114,7.5
531,81,1.5
531,93,9.7
531,125,3.4
531,199,9.6
532,21,3.0
532,22,7.7
532,238,4.8
532,119,6.6
532,211,5.1
532,97,3.4
533,223,9.7
533,30,7.8
533,211,4.9
533,174,6.2
533,177,3.1
533,209,1.6
534,158,7.3
534,41,1.4
534,216,6.7
534,214,4.0
534,148,4.4
535,84,4.3
535,227,1.2
535,26,2.3
535,52,6.0
535,110,7.2
536,182,5.2
536,107,2.1
536,113,9.0
536,131,5.4
536,189,3.3
537,208,1.5
537,220,5.8
537,171,9.8
537,133,3.0
538,69,8.4
538,123,8.0
538,55,5.5
538,236,9.7
538,142,6.9
538,186,4.7
538,161,9.6
539,129,5.6
539,155,8.9
539,146,3.1
539,122,7.6
540,172,1.9
540,33,6.9
540,92,9.9
540,68,3.5
540,244,4.3
540,222,5.5
540,211,7.1
541,203,8.1
541,240,9.2
541,202,7.6
541,217,9.6
541,109,9.3
541,60,2.5
542,43,2.5
542,148,4.4
542,4,2.7
542,17,6.8
542,193,2.7
543,175,5.4
543,206,4.8
543,162,3.9
543,169,2.5
544,134,6.3
544,51,4.6
544,172,7.9
544,60,5.5
545,161,6.8
545,102,8.0
545,200,2.3
545,109,1.3
546,238,2.7
546,188,9.1
546,27,2.7
546,192,8.3
547,211,1.1
547,231,8.7
547,2,9.7
547,5,9.5
547,243,1.8
547,206,5.8
547,37,7.6
548,211,1.2
548,250,2.4
548,174,6.3
548,45,5.9
548,207,4.6
549,13,7.1
549,130,3.5
549,22,7.4
549,176,2.9
549,57,8.8
550,20,4.7
550,57,1.7
550,31,5.9
550,62,3.1
550,102,7.5
550,91,6.1
551,103,2.9
551,223,9.8
551,35,1.1
551,125,4.1
552,214,8.4
552,212,1.7
552,152,2.8
552,156,9.1
552,3,6.0
552,239,9.7
553,234,5.0
553,212,6.3
553,105,8.6
553,26,4.5
553,169,7.8
553,194,4.3
554,236,6.4
554,173,8.9
554,243,4.1
554,227,9.9
554,123,2.7
554,219,3.0
555,41,2.7
555,90,4.1
555,120,5.5
555,216,5.0
555,117,9.0
556,244,7.7
556,115,3.9
556,117,4.4
556,18,1.1
557,143,9.4
557,92,6.4
557,83,7.0
557,182,4.0
557,196,6.1
557,64,8.2
557,67,7.3
558,195,3.3
558,28,5.6
558,41,6.4
558,110,6.2
558,226,5.8
558,81,4.0
558,12,5.6
559,186,4.8
559,44,3.2
559,214,9.3
559,233,4.1
559,34,9.2
560,148,8.4
560,118,5.7
560,171,9.0
560,11,8.3
560,139,7.5
560,201,5.1
561,101,6.7
561,165,2.4
561,95,5.7
561,127,3.8
561,4,4.2
561,111,3.6
562,165,2.8
562,85,4.6
562,57,1.8
562,123,7.4
562,22,5.2
563,238,1.0
563,67,6.6
563,219,1.3
563,181,4.5
563,129,6.2
564,136,8.5
564,115,6.8
564,91,1.8
564,106,7.9
565,67,1.4
565,109,6.7
565,86,8.3
565,129,2.9
565,35,5.1
565,228,7.8
566,120,3.3
566,210,1.5
566,48,1.3
566,46,3.9
566,181,6.3
566,13,7.0
566,132,1.5
567,175,9.6
567,187,1.8
567,215,5.1
567,68,7.4
567,176,2.0
567,11,9.4
567,216,6.8
568,192,4.4
568,74,4.1
568,190,3.2
568,234,1.9
569,8,1.2
569,20,6.1
569,86,7.8
569,123,7.5
570,47,9.0
570,79,9.6
570,62,2.2
570,238,2.0
571,89,9.1
571,126,6.0
571,215,3.8
571,18,7.1
571,131,5.8
572,145,1.2
572,135,6.6
572,159,8.2
572,235,1.3
572,234,8.9
572,249,5.5
572,189,2.4
573,133,6.2
573,166,6.9
573,29,7.4
573,201,7.1
573,85,4.6
573,186,5.9
573,82,2.5
574,230,3.0
574,79,5.4
574,151,7.8
574,236,7.8
574,60,2.2
574,185,1.1
575,51,6.1
575,119,7.8
575,38,9.7
575,22,6.7
576,150,3.5
576,172,2.6
576,221,2.2
576,101,2.7
576,86,7.8
576,60,4.8
576,110,5.9
577,182,2.8
577,139,9.6
577,214,3.3
577,134,7.5
577,32,3.5
578,117,6.7
578,76,1.8
578,133,4.0
578,196,5.1
578,36,3.6
578,113,3.4
578,32,1.8
579,203,9.1
579,190,1.2
579,200,6.2
579,171,6.2
579,129,9.6
580,11,9.8
580,101,8.9
580,53,5.2
580,46,4.1
580,240,2.3
580,196,5.0
581,244,5.6
581,71,2.7
581,39,1.6
581,1,7.4
582,98,5.4
582,17,4.1
582,92,3.4
582,142,9.4
582,46,6.2
582,39,8.2
582,66,5.1
583,218,3.3
583,240,6.3
583,139,6.5
583,116,1.1
583,170,1.6
583,24,6.6
584,243,7.3
584,157,7.3
584,24,7.2
584,161,7.9
585,226,4.9
585,224,9.9
585,177,3.2
585,179,8.2
585,181,3.1
585,182,6.0
585,132,4.3
586,250,2.2
586,48,1.6
586,238,8.1
586,89,7.9
586,138,5.3
586,245,7.8
587,161,3.1
587,97,2.9
587,212,9.0
587,167,8.4
587,246,1.2
588,2,9.3
588,61,5.3
588,69,4.8
588,186,9.2
588,67,6.2
588,125,3.5
588,104,4.8
589,25,3.3
589,50,9.8
589,202,6.4
589,1,6.2
590,189,9.8
590,215,9.4
590,85,5.5
590,103,8.8
590,81,7.2
590,210,4.7
590,122,9.3
591,74,1.1
591,79,6.8
591,65,1.8
591,115,5.3
591,64,6.8
591,188,5.2
591,227,3.3
592,117,2.3
592,55,5.0
592,172,6.2
592,12,6.8
592,97,7.1
592,99,7.2
592,57,5.1
593,6,6.4
593,55,1.9
593,34,3.1
593,236,8.5
593,119,2.8
594,210,8.0
594,169,4.7
594,133,9.3
594,157,5.5
594,229,7.3
595,175,2.4
595,91,3.0
595,147,8.6
595,224,6.4
595,215,8.6
596,103,9.9
596,238,9.6
596,114,9.7
596,128,1.8
596,165,3.8
597,61,7.9
597,167,1.3
597,223,3.0
597,95,6.5
598,217,8.6
598,179,6.7
598,73,6.0
598,225,6.7
598,48,8.5
598,248,4.9
599,62,5.1
599,215,3.4
599,244,4.9
599,137,6.1
600,47,8.5
600,229,6.8
600,92,5.2
600,66,2.4
600,135,6.9
601,237,7.3
601,105,9.6
601,236,7.6
601,31,8.6
601,174,2.2
601,135,3.1
602,185,2.3
602,139,4.3
602,95,2.1
602,232,2.3
602,241,6.3
602,49,7.3
603,132,9.1
603,153,1.8
603,76,4.4
603,128,3.4
603,201,7.1
603,244,9.5
603,70,3.8
604,139,9.8
604,141,3.0
604,124,1.4
604,143,8.8
604,232,9.1
604,29,5.3
605,241,5.3
605,215,2.0
605,238,4.4
605,47,5.1
605,208,2.3
606,8,7.0
606,41,1.3
606,17,6.2
606,171,1.9
606,35,3.6
606,194,3.7
606,55,1.0
607,63,2.2
607,176,9.5
607,106,4.8
607,213,8.4
607,197,1.3
607,1,3.6
607,194,8.7
608,233,7.9
608,144,2.4
608,86,4.9
608,57,5.5
608,9,7.6
609,191,7.5
609,148,6.6
609,144,8.6
609,225,7.6
609,246,6.7
609,83,6.8
609,188,4.9
610,138,3.9
610,62,2.7
610,210,4.1
610,122,5.8
610,57,6.4
610,86,4.4
610,218,5.3
611,59,1.7
611,95,7.2
611,172,1.1
611,36,9.3
612,205,7.4
612,191,7.6
612,156,1.4
612,51,7.2
612,22,1.3
613,239,5.4
613,142,1.2
613,2,6.8
613,151,6.9
614,61,2.7
614,113,9.8
614,220,10.0
614,103,7.7
614,192,1.9
615,196,6.2
615,25,1.8
615,219,4.1
615,204,4.9
615,4,8.0
615,2,6.9
615,16,5.1
616,202,7.2
616,238,3.4
616,115,3.8
616,160,7.2
617,242,7.3
617,139,5.3
617,79,9.1
617,3,8.2
617,89,5.7
617,7,6.9
618,228,7.5
618,229,5.9
618,249,5.6
618,5,1.7
618,203,5.1
618,49,6.1
618,108,2.3
619,226,9.6
619,153,8.3
619,22,4.5
619,146,4.9
619,204,7.8
619,24,6.0
620,90,3.6
620,31,5.6
620,14,2.9
620,56,6.8
621,226,7.4
621,184,5.5
621,53,4.2
621,50,1.1
621,123,9.3
622,230,8.6
622,190,6.6
622,217,9.3
622,174,6.4
622,214,9.2
623,53,3.7
623,39,6.4
623,125,2.3
623,54,2.9
623,176,3.7
624,246,9.9
624,5,1.9
624,164,5.4
624,47,2.3
624,227,5.3
625,207,4.0
625,94,3.7
625,64,6.2
625,26,9.2
625,35,1.6
625,14,3.9
625,38,4.8
626,159,7.0
626,144,4.4
626,218,2.7
626,178,2.1
626,194,4.7
626,40,2.5
626,171,2.8
627,197,1.9
627,76,1.1
627,125,8.7
627,189,5.0
627,211,2.3
627,118,8.6
628,175,9.4
628,127,5.1
628,9,1.5
628,194,5.0
628,217,5.9
629,247,3.0
629,6,9.5
629,22,10.0
629,101,7.9
629,26,2.2
630,246,2.3
630,141,8.9
630,154,1.8
630,215,9.9
630,124,2.0
630,201,4.7
631,39,3.9
631,195,2.7
631,107,7.0
631,197,8.3
631,175,7.2
631,227,9.0
632,87,5.5
632,191,4.1
632,175,5.3
632,107,9.7
632,198,9.8
632,74,6.3
633,108,2.6
633,220,5.6
633,138,5.0
633,185,5.3
633,134,4.6
634,173,3.7
634,152,3.4
634,250,7.2
634,206,8.9
634,80,2.6
634,183,7.3
634,165,6.1
635,54,6.2
635,46,7.2
635,65,3.0
635,72,7.1
635,146,6.9
635,171,9.1
636,214,1.1
636,125,4.5
636,92,4.1
636,190,7.0
636,45,1.7
636,146,5.5
637,189,7.8
637,45,7.5
637,235,6.3
637,56,2.1
637,129,5.2
637,119,7.8
637,34,4.5
638,184,3.2
638,122,6.2
638,92,7.6
638,58,3.5
638,50,7.0
638,215,1.5
638,203,4.7
639,215,8.6
639,15,3.8
639,138,6.7
639,69,1.6
640,184,9.6
640,61,4.8
640,208,2.2
640,104,9.9
640,27,6.4
640,190,7.9
641,52,2.3
641,214,6.1
641,123,4.4
641,127,7.2
641,199,2.2
641,5,5.6
641,70,7.5
642,224,4.6
642,182,6.9
642,173,2.9
642,71,8.1
642,134,4.6
642,70,3.4
642,15,1.3
643,45,9.2
643,210,9.7
643,214,5.5
643,112,2.6
643,56,3.0
644,179,9.8
644,97,6.7
644,217,4.8
644,38,4.9
644,201,9.4
645,173,3.9
645,233,1.7
645,212,1.9
645,222,1.8
645,77,3.1
646,18,6.2
646,161,5.9
646,203,2.0
646,13,3.0
646,9,4.1
646,158,4.6
646,204,4.7
647,35,9.0
647,51,3.0
647,226,6.2
647,214,2.6
647,186,8.1
647,201,9.1
648,218,9.8
648,101,9.6
648,28,3.4
648,141,7.0
649,180,6.6
649,202,8.4
649,126,4.0
649,97,9.9
649,41,2.0
650,163,1.2
650,90,4.3
650,223,6.4
650,86,2.0
650,194,8.6
650,19,2.7
651,220,5.4
651,87,5.4
651,101,6.7
651,144,3.6
651,33,3.1
651,122,7.3
652,131,6.9
652,174,5.4
652,201,7.3
652,76,1.9
652,103,4.6
653,57,8.8
653,213,7.5
653,117,1.2
653,214,5.1
653,129,7.8
654,157,7.9
654,34,9.2
654,217,3.4
654,76,3.4
654,112,9.1
655,249,3.4
655,241,8.2
655,55,2.3
655,123,8.4
656,205,9.9
656,225,1.9
656,95,9.1
656,50,3.2
656,174,2.1
656,11,7.3
657,177,4.2
657,165,3.0
657,138,4.3
657,20,8.1
658,249,5.9
658,39,1.5
658,219,9.9
658,172,8.0
659,151,1.6
659,91,4.3
659,239,5.0
659,198,9.4
660,122,3.2
660,107,8.7
660,42,4.0
660,49,4.5
660,69,8.4
661,103,1.3
661,247,1.0
661,202,4.2
661,249,6.0
661,245,7.4
661,66,4.7
662,188,9.1
662,230,2.7
662,59,6.1
662,113,5.7
662,39,8.4
663,46,8.5
663,186,6.4
663,69,3.2
663,193,3.5
663,105,9.6
664,53,6.8
664,2,9.2
664,231,2.8
664,38,1.1
664,20,6.4
664,131,3.2
664,76,1.9
665,182,6.4
665,66,9.1
665,72,8.6
665,213,2.4
666,27,5.5
666,16,7.4
666,235,9.6
666,51,5.3
666,60,5.3
666,145,6.6
666,85,1.5
667,187,5.1
667,3,7.6
667,75,4.3
667,189,9.4
667,122,7.5
667,232,9.9
668,139,8.3
668,70,2.9
668,160,5.7
668,66,6.3
669,79,7.0
669,236,8.2
669,141,5.4
669,48,3.2
669,65,8.3
670,103,9.6
670,62,2.4
670,191,5.2
670,53,2.0
670,222,1.4
670,72,3.2
670,192,7.8
671,42,7.7
671,125,3.8
671,97,9.0
671,175,7.4
671,32,4.4
672,19,3.4
672,196,3.1
672,177,3.4
672,27,2.5
672,231,2.9
672,197,9.5
672,145,9.0
673,197,9.9
673,158,6.7
673,115,6.2
673,89,9.6
673,230,5.2
673,67,2.4
674,89,2.7
674,52,5.6
674,140,9.8
674,225,2.0
675,246,8.8
675,107,7.1
675,58,4.7
675,208,8.3
675,82,5.3
675,109,5.3
676,137,1.6
676,17,4.1
676,44,7.3
676,27,7.0
676,173,9.0
677,65,9.4
677,27,8.9
677,242,10.0
677,214,5.4
678,215,2.3
678,78,5.9
678,122,2.3
678,57,6.1
679,41,1.0
679,109,9.5
679,56,3.9
679,131,6.6
679,123,8.3
680,33,8.1
680,47,6.1
680,31,9.3
680,246,9.8
681,185,4.9
681,169,2.5
681,66,7.6
681,224,5.2
682,117,7.0
682,162,2.4
682,197,1.1
682,17,1.5
682,80,9.3
683,125,6.6
683,42,9.1
683,118,3.5
683,99,3.8
684,38,4.4
684,75,2.4
684,222,8.6
684,136,7.9
684,115,8.7
684,25,5.8
684,88,6.5
685,144,6.5
685,39,10.0
685,233,7.3
685,181,10.0
685,165,7.6
686,184,5.1
686,11,5.6
686,29,4.4
686,117,6.8
686,170,4.2
686,57,4.7
687,192,9.7
687,245,7.0
687,7,3.5
687,6,9.3
687,95,2.7
688,22,1.5
688,130,4.6
688,154,1.2
688,37,1.4
688,80,8.1
688,95,9.9
688,107,4.5
689,221,3.1
689,123,7.5
689,26,5.0
689,128,4.6
689,199,7.8
689,155,2.4
689,212,4.5
690,139,1.6
690,249,1.4
690,128,3.8
690,196,9.4
690,124,1.7
691,116,1.3
691,147,8.1
691,142,2.9
691,68,1.6
691,171,1.1
692,94,9.1
692,5,3.9
692,160,1.2
692,31,4.1
692,47,5.3
693,122,6.0
693,173,7.0
693,232,4.3
693,70,6.9
693,160,7.2
694,66,6.1
694,134,4.6
694,50,1.0
694,249,8.5
695,12,5.4
695,37,4.8
695,109,1.9
695,122,4.6
695,9,8.5
695,80,6.3
696,134,3.7
696,136,7.6
696,18,1.1
696,116,1.0
696,245,7.9
697,221,2.8
697,180,7.5
697,154,3.2
697,207,7.7
697,49,6.4
697,172,5.0
697,5,10.0
698,2,8.9
698,79,2.1
698,29,2.8
698,36,8.7
698,126,6.5
699,158,3.9
699,150,4.0
699,133,2.4
699,47,7.9
700,61,2.2
700,56,2.6
700,55,5.9
700,165,8.9
701,88,1.3
701,81,1.4
701,148,9.9
701,109,3.1
702,15,9.5
702,46,3.6
702,11,9.6
702,233,4.7
702,73,5.6
702,128,2.8
702,67,4.5
703,91,1.1
703,245,2.8
703,144,1.7
703,117,3.7
703,10,5.0
704,72,2.5
704,80,4.5
704,154,6.5
704,159,10.0
704,32,6.5
704,167,8.3
704,140,1.9
705,26,5.7
705,30,5.8
705,110,2.7
705,97,5.2
706,156,4.5
706,230,6.3
706,106,6.9
706,159,5.1
707,167,9.4
707,10,5.0
707,162,2.2
707,176,1.1
708,93,8.4
708,244,3.9
708,66,6.4
708,189,4.5
709,9,2.1
709,147,3.5
709,47,2.6
709,49,3.8
709,165,5.4
709,174,4.4
709,55,9.6
710,61,8.9
710,88,7.9
710,124,3.5
710,95,9.9
711,247,8.7
711,43,9.5
711,188,7.6
711,96,4.0
711,141,9.3
712,52,4.7
712,23,2.9
712,158,9.3
712,90,3.8
712,53,5.5
712,12,3.7
712,62,2.3
713,197,9.8
713,235,6.1
713,16,1.5
713,112,5.1
713,182,2.1
713,124,1.7
714,96,5.2
714,93,4.8
714,126,6.2
714,74,2.2
714,56,6.3
714,248,3.2
714,184,8.3
715,211,9.2
715,145,7.5
715,183,3.1
715,136,8.0
716,173,3.0
716,51,4.1
716,146,7.3
716,164,9.2
717,242,8.3
717,224,8.8
717,153,1.8
717,126,9.1
718,71,1.1
718,124,6.0
718,174,9.1
718,54,2.8
718,140,5.4
719,22,5.3
719,47,4.0
719,97,5.5
719,175,3.0
720,143,1.1
720,237,2.3
720,57,7.9
720,135,3.5
720,91,7.4
721,163,7.8
721,190,9.8
721,233,3.2
721,92,9.4
721,155,7.1
721,226,6.0
721,149,6.9
722,65,3.7
722,72,8.0
722,104,9.1
722,171,5.3
722,80,6.1
722,224,2.7
723,63,5.9
723,144,6.4
723,89,2.7
723,13,1.3
723,156,1.9
724,149,1.0
724,215,5.6
724,89,4.2
724,169,2.5
724,132,6.6
725,26,8.8
725,111,5.6
725,143,6.1
725,239,2.7
725,75,1.5
725,131,8.3
725,78,4.6
726,188,9.6
726,118,5.6
726,234,7.3
726,16,8.9
726,103,2.4
726,107,4.7
726,84,5.7
727,72,5.2
727,35,1.8
727,237,8.4
727,92,3.5
728,87,3.2
728,52,8.3
728,67,1.1
728,111,2.3
729,112,4.7
729,73,4.9
729,216,6.6
729,166,8.0
730,107,7.1
730,136,7.0
730,223,3.6
730,164,5.8
730,74,2.2
730,68,8.3
731,154,5.3
731,40,4.4
731,25,2.7
731,57,7.5
731,49,9.5
731,188,2.2
731,26,7.6
732,187,3.4
732,136,5.9
732,119,1.2
732,74,7.5
733,37,2.4
733,196,2.4
733,183,6.7
733,176,7.9
734,73,3.0
734,192,3.4
734,180,1.7
734,11,1.1
734,33,2.5
734,36,1.1
734,86,2.5
735,208,3.5
735,140,9.7
735,250,8.5
735,125,8.8
736,88,1.6
736,6,9.8
736,235,5.8
736,155,9.4
737,71,9.0
737,23,2.2
737,248,6.2
737,206,3.7
737,40,5.7
737,38,9.7
738,36,7.0
738,87,5.0
738,129,7.5
738,156,8.0
738,213,4.5
738,214,2.7
738,54,1.4
739,244,10.0
739,246,6.0
739,108,3.7
739,10,9.3
740,3,7.3
740,24,8.1
740,138,4.6
740,235,8.3
740,208,7.3
740,61,8.6
740,184,8.5
741,153,8.2
741,181,4.4
741,137,5.9
741,134,5.6
742,58,7.5
742,57,2.9
742,159,8.9
742,237,9.1
742,91,4.3
742,243,8.1
742,249,8.2
743,82,4.6
743,162,9.3
743,174,5.4
743,214,9.1
743,88,5.3
743,99,5.2
743,85,8.6
744,163,9.4
744,215,4.4
744,155,8.2
744,201,6.0
745,226,5.7
745,74,8.5
745,68,3.8
745,131,7.7
745,188,1.7
746,190,8.5
746,228,2.4
746,29,9.8
746,235,4.7
746,206,7.1
746,184,7.2
747,73,8.0
747,20,5.1
747,55,2.6
747,214,7.6
747,183,9.8
747,93,5.6
748,202,9.8
748,221,8.2
748,89,6.3
748,210,7.2
748,63,6.4
749,2,1.7
749,135,4.0
749,96,9.5
749,248,6.7
749,185,9.8
750,111,9.7
750,79,7.6
750,162,6.4
750,152,2.6
750,140,2.4
751,9,3.5
751,77,3.9
751,44,6.2
751,183,4.4
751,12,4.8
751,30,9.1
751,189,2.4
752,165,6.3
752,1,2.3
752,39,1.2
752,30,6.9
753,10,3.9
753,15,2.2
753,185,2.3
753,155,6.6
753,230,7.0
754,157,3.6
754,220,8.0
754,158,5.7
754,33,2.2
754,59,1.5
754,203,5.1
754,77,7.9
755,174,2.9
755,139,2.2
755,117,1.0
755,58,3.0
756,199,6.2
756,222,2.7
756,246,9.9
756,110,9.0
756,22,7.3
757,203,7.6
757,206,6.2
757,56,7.9
757,167,3.7
757,117,2.5
757,57,8.5
757,15,5.8
758,59,7.2
758,192,9.3
758,22,5.2
758,138,9.4
758,31,6.6
758,143,6.9
759,68,7.8
759,100,9.6
759,185,1.1
759,239,2.1
759,143,9.8
759,102,6.7
760,232,2.1
760,185,2.5
760,41,3.6
760,58,6.1
760,32,8.4
761,92,4.1
761,238,4.5
761,204,3.7
761,27,4.4
761,14,5.2
761,37,7.8
762,20,6.1
762,102,4.1
762,167,1.5
762,74,9.5
763,210,1.0
763,234,5.8
763,150,1.0
763,99,5.3
763,212,8.6
763,43,4.3
763,82,2.2
764,48,4.2
764,86,7.9
764,229,9.9
764,17,1.5
765,121,8.6
765,134,1.8
765,107,6.1
765,94,6.1
766,5,6.8
766,246,1.5
766,179,8.1
766,111,2.9
766,28,1.2
767,62,5.7
767,205,5.0
767,131,4.0
767,127,5.0
767,242,7.2
767,195,4.0
767,81,6.7
768,62,4.2
768,23,3.6
768,86,8.7
768,169,1.2
769,174,7.6
769,57,5.4
769,185,8.6
769,222,2.6
770,163,6.8
770,90,8.5
770,78,4.7
770,58,7.1
770,236,7.9
770,225,5.3
770,200,1.3
771,80,1.3
771,186,3.4
771,58,2.0
771,219,3.9
771,13,2.3
771,223,7.4
772,67,5.9
772,23,4.0
772,248,5.9
772,1,7.9
772,80,1.3
773,106,2.2
773,28,4.5
773,245,2.4
773,224,3.2
774,29,7.4
774,155,1.3
774,130,2.1
774,237,3.4
774,95,3.8
774,91,2.7
774,239,5.5
775,143,9.8
775,102,4.2
775,44,2.2
775,89,2.8
775,17,5.8
775,204,7.8
776,101,6.1
776,222,9.8
776,71,3.0
776,172,4.8
776,57,3.3
776,195,3.5
776,31,9.3
777,16,7.9
777,175,2.1
777,56,5.0
777,180,8.0
777,131,2.9
777,164,7.1
778,23,5.5
778,211,7.1
778,11,2.2
778,148,2.5
779,112,6.9
779,135,7.4
779,181,5.7
779,122,3.3
780,44,9.7
780,15,2.9
780,166,3.6
780,228,1.2
780,20,7.7
780,132,7.6
781,71,7.4
781,184,6.3
781,233,2.1
781,116,6.2
781,49,5.6
782,179,5.8
782,153,9.6
782,38,1.6
782,109,7.7
783,206,1.2
783,85,7.6
783,19,3.6
783,224,1.7
783,248,8.5
783,35,1.8
784,145,7.7
784,131,4.8
784,158,2.1
784,171,2.7
785,26,8.8
785,9,7.8
785,169,7.1
785,75,2.2
785,31,2.7
785,46,5.5
786,119,1.8
786,193,8.0
786,129,7.7
786,28,2.4
786,48,2.9
786,95,8.1
786,65,1.7
787,84,6.3
787,68,6.0
787,19,9.2
787,37,9.3
788,53,9.7
788,114,7.3
788,226,1.6
788,83,8.6
788,188,9.3
788,206,5.9
789,165,9.0
789,3,7.4
789,103,2.4
789,213,6.2
789,46,2.2
789,232,3.1
790,143,4.3
790,84,2.4
790,96,2.6
790,120,2.0
791,221,4.8
791,86,4.1
791,98,7.3
791,146,6.6
791,196,6.0
791,206,5.6
792,204,6.1
792,217,5.4
792,50,7.4
792,60,7.8
793,248,1.1
793,232,2.4
793,204,5.8
793,170,6.1
794,190,6.0
794,71,1.6
794,87,3.8
794,230,2.2
794,95,5.1
794,160,1.7
795,50,9.9
795,155,3.5
795,52,1.2
795,207,5.1
795,24,2.6
795,104,9.8
795,162,4.1
796,48,4.1
796,64,2.0
796,139,4.5
796,248,6.9
797,219,1.5
797,49,4.8
797,20,6.0
797,157,6.0
797,185,3.5
797,107,6.3
798,3,2.0
798,67,8.5
798,49,8.5
798,52,2.6
798,195,5.6
799,116,9.4
799,171,4.2
799,194,7.4
799,17,9.1
799,62,7.4
800,224,3.9
800,134,5.1
800,236,1.0
800,187,5.6
801,185,9.3
801,24,6.6
801,130,3.8
801,71,9.2
802,190,4.4
802,211,9.6
802,226,4.9
802,250,3.0
802,94,8.9
802,41,7.3
803,127,7.0
803,2,8.9
803,222,2.5
803,42,1.7
803,83,1.7
804,154,9.6
804,147,1.4
804,176,3.2
804,64,7.1
804,28,7.0
804,17,1.6
804,237,3.4
805,35,9.6
805,154,6.8
805,187,4.5
805,205,6.7
805,18,3.5
806,4,8.0
806,83,6.6
806,165,5.6
806,46,1.5
806,35,5.7
806,96,1.9
806,152,6.3
807,150,3.7
807,19,4.8
807,98,4.4
807,143,4.8
808,124,1.4
808,62,3.3
808,33,9.8
808,211,4.7
808,12,1.1
808,127,5.2
808,118,5.4
809,48,9.1
809,181,4.5
809,6,9.8
809,123,8.0
809,77,5.6
809,198,7.0
810,116,6.4
810,4,1.8
810,69,4.3
810,129,4.7
811,2,9.5
811,114,2.7
811,70,7.9
811,44,2.9
811,182,3.6
811,3,4.9
812,158,8.5
812,84,8.2
812,18,3.3
812,85,5.4
813,227,7.0
813,127,7.6
813,35,8.2
813,160,1.2
813,106,4.9
813,110,3.4
813,244,7.8
814,55,7.7
814,97,7.8
814,19,7.9
814,28,1.0
815,143,6.4
815,134,5.1
815,9,1.6
815,214,6.7
815,197,2.0
816,187,4.1
816,110,2.8
816,162,4.2
816,89,3.3
816,82,4.5
816,185,9.1
816,128,8.7
817,236,5.2
817,61,6.6
817,131,3.3
817,208,6.1
818,160,4.5
818,21,4.4
818,138,4.1
818,22,4.4
818,149,7.4
818,23,2.7
818,136,5.4
819,250,6.3
819,175,2.4
819,54,9.8
819,156,2.7
820,163,1.4
820,16,7.8
820,181,1.3
820,92,1.4
821,118,7.9
821,183,7.4
821,159,8.4
821,247,9.7
822,107,5.7
822,31,3.0
822,74,6.2
822,25,9.5
822,71,5.9
822,238,4.6
823,184,3.3
823,124,6.9
823,17,1.3
823,170,4.8
823,192,7.9
823,41,7.3
823,135,4.8
824,177,2.4
824,30,2.2
824,230,9.4
824,81,6.2
824,124,2.7
824,35,1.6
824,151,3.6
825,95,6.0
825,90,4.8
825,155,4.8
825,116,9.2
825,106,2.8
825,50,1.8
825,207,4.7
826,164,3.7
826,8,3.9
826,186,5.4
826,174,7.2
826,120,2.3
826,203,5.4
827,8,5.4
827,36,9.9
827,61,8.4
827,102,1.1
827,186,1.4
827,7,4.6
828,24,3.7
828,88,5.5
828,36,8.2
828,174,4.4
828,115,3.8
829,55,4.3
829,96,6.3
829,209,4.8
829,119,9.1
829,194,1.1
829,67,7.5
830,6,6.2
830,120,4.0
830,134,2.8
830,128,4.6
831,90,4.0
831,160,7.3
831,66,1.8
831,116,3.8
831,86,2.2
831,43,4.5
832,104,5.1
832,158,4.8
832,244,3.8
832,33,1.1
833,157,4.1
833,45,1.2
833,185,7.8
833,179,6.1
833,24,9.7
833,128,5.7
833,221,9.5
834,132,8.9
834,243,9.5
834,102,5.5
834,27,1.9
835,204,8.4
835,177,2.7
835,242,4.4
835,234,1.9
835,211,1.7
835,18,1.1
835,195,1.3
836,234,8.5
836,17,2.5
836,39,5.4
836,113,2.5
837,104,6.2
837,23,8.0
837,161,2.3
837,232,2.3
837,180,3.2
838,48,5.4
838,206,3.1
838,138,9.9
838,86,6.8
838,130,7.0
838,247,9.5
838,214,6.4
839,130,2.6
839,242,1.3
839,223,7.4
839,81,6.5
839,141,7.8
839,71,7.8
839,72,5.0
840,3,5.6
840,105,9.6
840,153,2.9
840,134,7.7
840,77,7.5
840,83,2.7
840,196,5.1
841,108,7.0
841,141,8.4
841,94,5.3
841,182,1.5
842,40,4.5
842,244,2.9
842,195,2.4
842,148,4.4
843,93,7.7
843,179,8.3
843,146,2.1
843,43,4.5
843,178,3.9
844,9,5.3
844,198,7.6
844,64,9.5
844,237,9.1
844,244,1.4
844,122,8.8
844,164,8.0
845,106,3.8
845,186,7.2
845,121,8.0
845,189,5.8
845,3,7.6
846,123,9.5
846,186,7.1
846,226,2.3
846,90,1.4
846,65,2.2
846,93,2.3
847,113,7.1
847,158,1.4
847,90,3.1
847,227,3.3
847,213,1.7
848,188,2.7
848,180,5.3
848,32,2.7
848,52,3.5
848,168,4.1
848,40,3.7
849,139,2.7
849,182,4.2
849,31,8.8
849,97,6.2
850,52,2.0
850,87,7.8
850,203,8.8
850,34,6.5
851,112,4.3
851,162,6.4
851,126,4.5
851,102,5.6
852,21,4.9
852,244,3.1
852,58,4.4
852,134,3.4
853,32,2.0
853,198,8.0
853,238,1.8
853,68,1.7
853,29,5.7
853,175,5.2
853,171,4.5
854,219,1.2
854,244,4.3
854,2,5.0
854,210,1.1
854,91,8.5
854,99,3.0
855,144,3.1
855,106,6.4
855,113,2.0
855,96,7.1
855,39,5.4
855,86,3.6
856,132,8.5
856,180,5.3
856,25,8.4
856,67,2.6
856,242,9.9
857,200,5.6
857,84,1.6
857,93,2.6
857,5,2.8
858,62,1.1
858,14,3.0
858,18,2.2
858,89,9.4
858,58,4.0
858,132,5.5
858,198,5.0
859,161,5.2
859,124,4.5
859,207,6.9
859,171,2.7
859,165,6.2
860,80,5.6
860,205,5.8
860,246,8.4
860,154,4.7
860,204,2.7
860,141,6.4
860,31,8.5
861,223,2.9
861,60,8.2
861,178,1.6
861,15,8.2
861,13,2.6
861,3,8.5
862,80,2.9
862,223,4.3
862,28,2.9
862,187,6.3
862,171,4.3
863,113,6.5
863,128,6.6
863,177,9.5
863,6,7.9
864,68,1.0
864,241,6.1
864,64,5.6
864,195,9.1
864,22,4.5
864,56,2.7
865,132,9.4
865,139,5.4
865,162,6.5
865,159,8.5
866,227,6.7
866,173,7.7
866,13,9.4
866,21,5.9
866,71,7.1
867,88,10.0
867,28,1.4
867,209,5.8
867,114,4.0
867,156,4.9
867,179,1.7
867,129,1.7
868,11,9.0
868,36,3.3
868,131,7.6
868,214,5.9
868,61,4.8
869,64,1.3
869,153,2.8
869,244,8.8
869,92,9.3
869,91,9.2
869,56,1.1
869,26,5.9
870,238,7.9
870,182,5.4
870,172,7.6
870,88,9.1
870,178,5.4
871,141,9.7
871,114,2.3
871,80,5.3
871,5,3.2
871,248,7.1
871,200,5.9
871,87,4.5
872,78,9.3
872,192,7.0
872,29,1.8
872,10,7.6
872,121,5.7
873,119,3.8
873,225,6.1
873,48,1.3
873,193,9.4
873,109,7.9
873,41,7.0
873,214,9.7
874,229,3.6
874,136,9.8
874,227,7.7
874,36,9.1
874,189,4.8
874,87,2.5
874,128,3.7
875,232,9.0
875,188,2.5
875,58,1.3
875,249,1.2
875,108,7.2
875,174,8.8
875,191,10.0
876,187,1.7
876,203,2.7
876,127,3.7
876,19,8.9
877,206,4.1
877,102,7.4
877,170,8.1
877,145,7.6
877,149,6.3
877,125,7.8
878,69,9.0
878,66,4.1
878,192,1.5
878,162,1.8
879,230,2.5
879,125,3.4
879,179,3.5
879,212,1.3
879,137,6.6
879,182,2.6
880,225,4.8
880,219,8.0
880,248,1.4
880,87,8.6
880,66,1.9
881,93,7.5
881,43,4.3
881,218,9.4
881,19,8.6
881,224,1.7
882,127,4.9
882,24,4.0
882,137,1.2
882,27,8.0
882,94,7.5
882,191,1.6
882,16,5.4
883,22,8.5
883,232,1.9
883,169,6.2
883,228,7.2
883,101,3.8
884,194,2.6
884,230,4.9
884,124,9.3
884,236,6.9
885,42,8.5
885,89,5.4
885,12,4.7
885,250,7.7
886,57,7.9
886,4,8.7
886,200,7.5
886,6,3.6
886,132,6.4
886,77,8.9
887,76,9.4
887,209,1.2
887,208,7.5
887,74,8.3
887,68,4.7
888,126,5.1
888,27,3.8
888,23,1.9
888,21,1.6
888,102,4.5
888,148,1.4
889,245,4.2
889,217,2.6
889,84,4.9
889,249,3.6
890,178,4.1
890,234,5.5
890,171,9.9
890,99,4.4
890,131,8.3
891,79,2.9
891,43,8.6
891,14,7.2
891,117,7.4
891,223,8.2
891,160,5.8
891,94,4.2
892,132,5.5
892,138,1.5
892,137,2.4
892,229,8.0
893,139,7.4
893,74,4.8
893,53,9.0
893,27,9.3
893,127,9.1
893,120,6.2
893,213,6.5
894,16,7.5
894,47,9.2
894,98,1.7
894,99,4.7
895,82,3.0
895,171,2.5
895,195,4.9
895,26,2.2
895,24,7.0
896,110,9.7
896,58,9.4
896,170,9.8
896,3,9.0
897,248,9.7
897,14,4.9
897,244,7.7
897,50,2.1
897,84,6.1
897,168,4.9
898,93,3.5
898,179,5.1
898,223,1.3
898,168,7.8
898,138,9.6
898,167,8.5
898,150,1.4
899,176,5.5
899,154,6.3
899,37,2.5
899,231,1.2
899,105,3.8
899,29,8.3
899,15,1.1
900,221,7.5
900,200,8.4
900,52,7.5
900,237,3.7
900,89,5.9
900,56,5.1
901,50,2.5
901,100,3.9
901,162,4.8
901,138,6.8
901,221,5.0
902,157,4.8
902,136,6.4
902,203,6.7
902,117,1.6
902,52,2.6
903,212,4.7
903,220,2.7
903,104,6.5
903,47,9.8
903,21,4.7
903,74,8.4
904,20,1.8
904,112,9.8
904,250,2.4
904,150,7.6
904,161,8.8
904,123,1.1
904,217,5.4
905,131,3.0
905,21,1.8
905,86,2.9
905,199,6.4
906,161,4.9
906,129,4.3
906,79,1.4
906,142,7.9
906,103,9.5
906,237,6.4
906,75,5.2
907,204,5.2
907,89,5.3
907,122,7.0
907,125,4.4
907,75,8.6
907,25,5.3
907,184,5.8
908,103,6.0
908,212,4.7
908,117,4.8
908,95,4.8
908,158,7.5
908,21,2.3
909,173,3.3
909,100,2.2
909,94,3.3
909,47,3.3
909,191,5.0
910,195,8.3
910,157,3.9
910,203,7.8
910,122,9.5
910,120,7.6
911,103,1.1
911,184,6.5
911,64,2.2
911,161,4.7
912,190,4.2
912,22,7.5
912,223,2.0
912,202,3.6
913,164,1.7
913,211,9.4
913,194,2.4
913,172,5.4
913,89,6.9
913,205,5.4
913,123,5.6
914,111,9.9
914,170,9.0
914,210,1.6
914,13,5.9
915,120,7.6
915,27,1.8
915,238,9.0
915,19,5.3
916,218,7.9
916,172,1.6
916,93,2.7
916,113,7.6
916,211,6.8
916,44,9.4
916,18,1.7
917,208,8.4
917,84,8.4
917,133,9.8
917,184,6.2
917,35,7.9
917,219,7.8
918,231,6.4
918,158,1.8
918,192,3.4
918,99,8.2
919,143,4.3
919,58,3.5
919,127,7.9
919,182,8.1
920,177,1.8
920,175,7.4
920,223,6.2
920,199,5.1
920,227,5.5
921,77,4.4
921,31,3.6
921,6,2.8
921,44,9.1
921,215,1.6
921,110,3.0
921,102,7.7
922,241,8.8
922,18,6.8
922,21,5.3
922,159,9.4
922,220,8.0
922,114,4.8
922,74,3.2
923,92,4.1
923,230,9.7
923,69,1.1
923,222,6.2
923,90,2.1
923,94,4.2
924,250,2.1
924,104,8.3
924,60,7.8
924,185,5.7
924,8,3.0
924,23,3.8
925,50,8.0
925,42,1.5
925,219,1.1
925,162,1.3
925,178,5.1
925,36,2.3
926,176,8.3
926,80,2.1
926,95,4.4
926,132,5.1
926,205,8.5
926,150,8.7
926,35,7.7
927,230,1.8
927,54,1.4
927,74,2.7
927,136,2.8
928,206,9.8
928,8,7.1
928,173,5.7
928,241,4.7
928,91,2.6
928,50,3.8
929,183,8.6
929,168,7.7
929,145,3.6
929,59,4.6
929,164,8.6
929,122,2.3
929,83,6;4
930,128,4.7
930,31,6.0
930,49,3.0
930,5,6.2
931,177,2.7
931,179,4.8
931,6,6.1
931,162,9.6
932,215,8.8
932,134,1.4
932,80,5.8
932,167,8.9
932,146,9.3
932,4,6.5
932,97,9.6
933,109,9.3
933,54,3.9
933,134,3.9
933,244,8.2
933,24,8.4
933,199,2.5
933,240,2.2
934,34,7.8
934,18,5.9
934,142,3.0
934,148,4.3
934,25,6.4
934,123,9.4
935,163,3.0
935,17,4.4
935,60,4.6
935,117,9.2
935,162,3.7
935,210,7.7
936,143,8.9
936,92,6.7
936,182,2.6
936,135,4.1
936,237,3.9
936,38,3.3
937,61,6.3
937,234,1.3
937,19,6.2
937,166,3.3
937,57,6.9
938,85,5.3
938,80,9.3
938,244,9.6
938,117,9.0
939,89,7.5
939,11,3.4
939,238,3.7
939,4,3.5
939,161,2.5
939,41,2.6
939,188,7.5
940,19,4.1
940,70,2.6
940,137,8.5
940,193,9.5
940,231,2.4
940,173,8.9
940,211,8.3
941,222,4.7
941,20,1.2
941,58,6.5
941,19,8.5
941,242,7.5
941,110,6.7
941,195,7.2
942,247,2.6
942,83,6.2
942,249,2.1
942,64,6.8
942,58,1.5
943,75,6.3
943,203,9.7
943,142,8.2
943,111,4.4
944,231,8.8
944,15,1.3
944,188,3.0
944,93,3.9
944,62,9.6
945,249,2.7
945,181,4.9
945,117,8.4
945,43,1.4
946,127,1.2
946,166,3.4
946,90,9.9
946,113,6.8
947,234,4.1
947,150,7.5
947,193,4.5
947,215,6.5
948,38,5.0
948,188,3.3
948,14,4.1
948,104,7.2
948,3,8.7
948,179,4.1
949,19,6.6
949,250,4.0
949,161,5.0
949,24,2.0
949,158,8.8
949,5,2.2
949,119,4.8
950,90,1.1
950,5,8.8
950,214,7.6
950,80,6.0
950,113,6.4
950,62,7.5
950,151,9.1
951,131,3.9
951,11,2.7
951,142,4.4
951,16,1.5
951,111,4.4
951,140,7.8
951,103,2.0
952,223,2.5
952,100,7.9
952,194,9.4
952,175,8.1
952,41,2.4
952,35,4.8
953,141,6.7
953,85,8.4
953,126,1.7
953,113,4.2
953,101,7.8
953,33,7.6
953,87,5.1
954,131,6.4
954,160,6.1
954,93,2.5
954,199,2.2
954,215,6.9
954,208,8.9
954,246,2.7
955,228,1.0
955,25,6.3
955,107,7.4
955,126,3.5
956,128,8.4
956,142,9.5
956,115,4.6
956,8,1.7
956,76,7.5
957,101,6.7
957,14,9.0
957,245,7.5
957,142,8.8
957,32,8.4
957,57,5.5
958,186,4.9
958,125,9.8
958,216,9.4
958,152,2;0
958,187,5.3
959,140,8.9
959,122,1.6
959,98,5.4
959,44,5.2
960,91,1.9
960,174,2.2
960,144,3.2
960,27,4.6
960,115,8.2
960,240,9.9
961,176,3.5
961,44,6.4
961,197,7.8
961,239,9.1
961,131,2.2
961,137,1.1
961,164,5.5
962,23,2.9
962,212,5.7
962,185,8.3
962,155,7.6
963,14,4.8
963,119,6.7
963,96,1.3
963,175,5.5
963,183,4.6
963,191,5.3
963,60,6.6
964,116,3.0
964,220,8.6
964,156,8.7
964,5,4.9
964,126,1.2
964,105,4.6
965,10,4.6
965,189,2.6
965,27,9.0
965,219,2.1
965,47,2.2
965,54,6.5
965,140,5.8
966,5,9.0
966,21,2.9
966,147,6.8
966,189,1.5
967,210,5.5
967,128,5.1
967,238,2.1
967,148,2.8
967,219,5.7
967,84,6.9
967,182,9.7
968,147,2.9
968,122,7.1
968,151,5.5
968,228,4.3
968,2,3.9
968,246,2.9
968,18,4.8
969,186,1.2
969,121,3.8
969,112,9.7
969,8,2.5
970,35,5.3
970,118,1.3
970,214,2.5
970,175,7.4
970,136,6.9
971,67,7.5
971,221,9.5
971,216,4.0
971,63,5.1
971,55,1.6
971,99,4.9
971,194,2.3
972,40,4.9
972,76,3.5
972,243,1.4
972,198,8.1
973,40,1.4
973,32,6.3
973,13,1.5
973,102,9.8
974,62,1.4
974,219,1.2
974,18,3.2
974,86,4.1
974,174,1.6
974,20,9.0
975,70,2.6
975,162,6.7
975,16,7.3
975,183,1.1
975,35,9.7
975,108,8.5
976,27,6.4
976,29,9.2
976,172,3.6
976,145,3.9
976,114,4.9
977,23,7.8
977,145,4.5
977,108,2.5
977,192,4.1
977,183,6.4
977,217,1.4
978,11,4.4
978,101,3.4
978,130,4.4
978,220,7.1
978,146,5.7
978,5,2.2
979,239,6.4
979,138,5.5
979,73,7.6
979,223,2.3
979,166,2.3
980,158,7.8
980,38,3.1
980,58,3.3
980,4,9.1
980,161,5.7
980,81,8.1
981,12,2.8
981,31,1.7
981,194,5.3
981,216,1.8
981,18,3.2
982,237,1.0
982,230,4.0
982,106,4.8
982,199,8.5
982,134,5.7
982,32,4.5
983,104,8.8
983,83,1.9
983,31,2.0
983,57,1.7
983,201,5.1
984,133,2.5
984,155,7.3
984,137,8.9
984,184,6.5
984,198,8.1
984,209,3.0
984,168,1.4
985,176,4.5
985,92,5.1
985,37,5.6
985,156,2.0
985,63,9.3
986,57,3.1
986,115,6.1
986,8,2.6
986,64,8.3
987,153,7.1
987,113,9.9
987,173,4.5
987,241,6.7
987,175,5.0
987,1,2.0
987,68,9.8
988,37,5.4
988,79,1.8
988,2,6.7
988,156,1.9
989,107,4.4
989,92,1.8
989,157,5.2
989,23,7.4
989,108,3.2
989,209,4.4
989,125,3.8
990,66,4.8
990,139,5.2
990,228,8.7
990,198,8.8
990,221,4.1
990,161,8.6
990,80,7.3
991,119,6.4
991,221,4.9
991,158,7.2
991,143,5.0
991,20,7.2
991,242,5.2
991,246,7.9
992,211,8.4
992,231,2.9
992,62,6.5
992,21,7.9
992,197,4.2
992,156,7.0
993,230,5.1
993,168,8.9
993,222,8.7
993,55,1.5
993,112,4.9
994,132,1.2
994,172,3.6
994,66,2.2
994,101,8.9
994,75,6.2
994,107,2.0
994,63,9.6
995,35,8.1
995,71,8.0
995,94,7.7
995,219,2.4
995,28,1.2
995,133,1.1
995,8,3.6
996,118,3.9
996,86,5.7
996,171,7.4
996,59,3.7
996,184,5.7
996,125,9.0
996,174,9.9
997,131,5.1
997,53,8.7
997,10,8.8
997,29,8.0
997,69,7.9
997,108,4.7
997,138,8.5
998,21,8.3
998,65,2.1
998,209,5.1
998,246,9.7
998,193,7.3
999,191,3.3
999,200,5.1
999,235,7.5
999,74,7.1
999,227,9.3
